<?xml version="1.0" encoding="UTF-8" standalone="no"?>

<applications>
   <wars>
      <war>
         <name>NhincCommonWeb</name>
      </war>
      <war>
         <name>GatewayWeb</name>
      </war>
      <war>
         <name>AdapterWeb</name>
      </war>
      <war>
         <name>GatewayInternalWeb</name>
      </war>
      <war>
         <name>NhinInterfaceTestWeb</name>
      </war>
      <war>
         <name>ConsumerPreferencesProfileGUI</name>
      </war>
      <war>
         <name>UniversalClientGUI</name>
      </war>
      <war>
         <name>UDDIModifierGUI</name>
      </war>
      <war>
         <name>AdapterDocRepository2Soap12Web</name>
      </war>
   </wars>
   <shared>
      <lib>
         <name>NhincCommonTypesLib</name>
      </lib>
      <lib>
         <name>NhincCommonDAO</name>
      </lib>
      <lib>
         <name>NhincCommonLib</name>
      </lib>
      <lib>
         <name>NhincSAMLCallbackLib</name>
      </lib>
   </shared>
   <ejbs>
      <ejb>
         <name>FTATransferAdapterEJB</name>
      </ejb>
   </ejbs>
</applications>

