--------------------------------------------------------
--  File created - Tuesday-February-25-2014   
--------------------------------------------------------
REM INSERTING into NHINCUSER.ADDRESS
SET DEFINE OFF;
Insert into NHINCUSER.ADDRESS (ADDRESSID,PATIENTID,STREET1,STREET2,CITY,STATE,POSTAL) values (1,1,null,null,'LEESBURG','VA','20176');
Insert into NHINCUSER.ADDRESS (ADDRESSID,PATIENTID,STREET1,STREET2,CITY,STATE,POSTAL) values (2,2,null,null,'Orlando','FL','98765');
Insert into NHINCUSER.ADDRESS (ADDRESSID,PATIENTID,STREET1,STREET2,CITY,STATE,POSTAL) values (3,3,'4000 Minor St',null,'Honolulu','HI','96801');
Insert into NHINCUSER.ADDRESS (ADDRESSID,PATIENTID,STREET1,STREET2,CITY,STATE,POSTAL) values (4,4,'4000 Minor St',null,'Springfield','MO','65801');
Insert into NHINCUSER.ADDRESS (ADDRESSID,PATIENTID,STREET1,STREET2,CITY,STATE,POSTAL) values (5,5,'4000 Minor St',null,'Jacksonville','FL','32099');
REM INSERTING into NHINCUSER.DOCUMENT
SET DEFINE OFF;
Insert into NHINCUSER.DOCUMENT (DOCUMENTID,DOCUMENTUNIQUEID,DOCUMENTTITLE,AUTHORPERSON,AUTHORINSTITUTION,AUTHORROLE,AUTHORSPECIALTY,AVAILABILITYSTATUS,CLASSCODE,CLASSCODESCHEME,CLASSCODEDISPLAYNAME,CONFIDENTIALITYCODE,CONFIDENTIALITYCODESCHEME,CONFIDENTIALITYCODEDISPLAYNAME,CREATIONTIME,FORMATCODE,FORMATCODESCHEME,FORMATCODEDISPLAYNAME,PATIENTID,SERVICESTARTTIME,SERVICESTOPTIME,STATUS,COMMENTS,HASH,FACILITYCODE,FACILITYCODESCHEME,FACILITYCODEDISPLAYNAME,INTENDEDRECIPIENTPERSON,INTENDEDRECIPIENTORGANIZATION,LANGUAGECODE,LEGALAUTHENTICATOR,MIMETYPE,PARENTDOCUMENTID,PARENTDOCUMENTRELATIONSHIP,PRACTICESETTING,PRACTICESETTINGSCHEME,PRACTICESETTINGDISPLAYNAME,DOCUMENTSIZE,SOURCEPATIENTID,PID3,PID5,PID7,PID8,PID11,TYPECODE,TYPECODESCHEME,TYPECODEDISPLAYNAME,DOCUMENTURI,PERSISTENT,ONDEMAND,NEWDOCUMENTUNIQUEID,NEWREPOSITORYUNIQUEID) values (8,'1.123402.11111','Schnur CONNECT TESTGATEWAY Document 1','Axolotl Elysium','Test Two Workgroup','Primary Care Provider','General','Active','34133-9','2.16.840.1.113883.6.1','Summarization of Episode Note','Confidential','Confidential','Confidential',to_date('27-JUN-08','DD-MON-RR'),'CDAR2/IHE 1.0','formatCodeScheme_value','formatCodeDisplayName_value','D123401^^^&4.4&ISO',to_date('11-SEP-07','DD-MON-RR'),to_date('27-JUN-08','DD-MON-RR'),'urn:oasis:names:tc:ebxml-regrep:StatusType:Approved','Document 1 Schnur CONNECT TESTGATEWAY comments','ac0eec55d17eaa9c24054f8a7ecc5d3caa45d9f0','UTF-8','UTF-8','UTF-8','Scott Borst','Agilex Technologies','en-US','legal','text/xml','1.123402.11111','same','test','test','test',26934,'D123402^^^&1.1&ISO','pid1^^^domain','Schnur^Anna^^^','19560813','F','312 HILL ROAD^^HILLSBORO^MO^37660^US','test','test','test','1.123402.11111',0,0,null,null);
Insert into NHINCUSER.DOCUMENT (DOCUMENTID,DOCUMENTUNIQUEID,DOCUMENTTITLE,AUTHORPERSON,AUTHORINSTITUTION,AUTHORROLE,AUTHORSPECIALTY,AVAILABILITYSTATUS,CLASSCODE,CLASSCODESCHEME,CLASSCODEDISPLAYNAME,CONFIDENTIALITYCODE,CONFIDENTIALITYCODESCHEME,CONFIDENTIALITYCODEDISPLAYNAME,CREATIONTIME,FORMATCODE,FORMATCODESCHEME,FORMATCODEDISPLAYNAME,PATIENTID,SERVICESTARTTIME,SERVICESTOPTIME,STATUS,COMMENTS,HASH,FACILITYCODE,FACILITYCODESCHEME,FACILITYCODEDISPLAYNAME,INTENDEDRECIPIENTPERSON,INTENDEDRECIPIENTORGANIZATION,LANGUAGECODE,LEGALAUTHENTICATOR,MIMETYPE,PARENTDOCUMENTID,PARENTDOCUMENTRELATIONSHIP,PRACTICESETTING,PRACTICESETTINGSCHEME,PRACTICESETTINGDISPLAYNAME,DOCUMENTSIZE,SOURCEPATIENTID,PID3,PID5,PID7,PID8,PID11,TYPECODE,TYPECODESCHEME,TYPECODEDISPLAYNAME,DOCUMENTURI,PERSISTENT,ONDEMAND,NEWDOCUMENTUNIQUEID,NEWREPOSITORYUNIQUEID) values (9,'1.123402.11111','Schnur CONNECT TESTGATEWAY Document 1','Axolotl Elysium','Test Two Workgroup','Primary Care Provider','General','Active','34133-9','2.16.840.1.113883.6.1','Summarization of Episode Note','Confidential','Confidential','Confidential',to_date('27-JUN-08','DD-MON-RR'),'CDAR2/IHE 1.0','formatCodeScheme_value','formatCodeDisplayName_value','D123401^^^&6.6&ISO',to_date('11-SEP-07','DD-MON-RR'),to_date('27-JUN-08','DD-MON-RR'),'urn:oasis:names:tc:ebxml-regrep:StatusType:Approved','Document 1 Schnur CONNECT TESTGATEWAY comments','ac0eec55d17eaa9c24054f8a7ecc5d3caa45d9f0','UTF-8','UTF-8','UTF-8','Scott Borst','Agilex Technologies','en-US','legal','text/xml','1.123402.11111','same','test','test','test',26934,'D123402^^^&1.1&ISO','pid1^^^domain','Schnur^Anna^^^','19560813','F','312 HILL ROAD^^HILLSBORO^MO^37660^US','test','test','test','1.123402.11111',0,0,null,null);
Insert into NHINCUSER.DOCUMENT (DOCUMENTID,DOCUMENTUNIQUEID,DOCUMENTTITLE,AUTHORPERSON,AUTHORINSTITUTION,AUTHORROLE,AUTHORSPECIALTY,AVAILABILITYSTATUS,CLASSCODE,CLASSCODESCHEME,CLASSCODEDISPLAYNAME,CONFIDENTIALITYCODE,CONFIDENTIALITYCODESCHEME,CONFIDENTIALITYCODEDISPLAYNAME,CREATIONTIME,FORMATCODE,FORMATCODESCHEME,FORMATCODEDISPLAYNAME,PATIENTID,SERVICESTARTTIME,SERVICESTOPTIME,STATUS,COMMENTS,HASH,FACILITYCODE,FACILITYCODESCHEME,FACILITYCODEDISPLAYNAME,INTENDEDRECIPIENTPERSON,INTENDEDRECIPIENTORGANIZATION,LANGUAGECODE,LEGALAUTHENTICATOR,MIMETYPE,PARENTDOCUMENTID,PARENTDOCUMENTRELATIONSHIP,PRACTICESETTING,PRACTICESETTINGSCHEME,PRACTICESETTINGDISPLAYNAME,DOCUMENTSIZE,SOURCEPATIENTID,PID3,PID5,PID7,PID8,PID11,TYPECODE,TYPECODESCHEME,TYPECODEDISPLAYNAME,DOCUMENTURI,PERSISTENT,ONDEMAND,NEWDOCUMENTUNIQUEID,NEWREPOSITORYUNIQUEID) values (10,'1.123402.11111','Schnur CONNECT TESTGATEWAY Document 1','Axolotl Elysium','Test Two Workgroup','Primary Care Provider','General','Active','34133-9','2.16.840.1.113883.6.1','Summarization of Episode Note','Confidential','Confidential','Confidential',to_date('27-JUN-08','DD-MON-RR'),'CDAR2/IHE 1.0','formatCodeScheme_value','formatCodeDisplayName_value','D123401^^^&7.7&ISO',to_date('11-SEP-07','DD-MON-RR'),to_date('27-JUN-08','DD-MON-RR'),'urn:oasis:names:tc:ebxml-regrep:StatusType:Approved','Document 1 Schnur CONNECT TESTGATEWAY comments','ac0eec55d17eaa9c24054f8a7ecc5d3caa45d9f0','UTF-8','UTF-8','UTF-8','Scott Borst','Agilex Technologies','en-US','legal','text/xml','1.123402.11111','same','test','test','test',26934,'D123402^^^&1.1&ISO','pid1^^^domain','Schnur^Anna^^^','19560813','F','312 HILL ROAD^^HILLSBORO^MO^37660^US','test','test','test','1.123402.11111',0,0,null,null);
Insert into NHINCUSER.DOCUMENT (DOCUMENTID,DOCUMENTUNIQUEID,DOCUMENTTITLE,AUTHORPERSON,AUTHORINSTITUTION,AUTHORROLE,AUTHORSPECIALTY,AVAILABILITYSTATUS,CLASSCODE,CLASSCODESCHEME,CLASSCODEDISPLAYNAME,CONFIDENTIALITYCODE,CONFIDENTIALITYCODESCHEME,CONFIDENTIALITYCODEDISPLAYNAME,CREATIONTIME,FORMATCODE,FORMATCODESCHEME,FORMATCODEDISPLAYNAME,PATIENTID,SERVICESTARTTIME,SERVICESTOPTIME,STATUS,COMMENTS,HASH,FACILITYCODE,FACILITYCODESCHEME,FACILITYCODEDISPLAYNAME,INTENDEDRECIPIENTPERSON,INTENDEDRECIPIENTORGANIZATION,LANGUAGECODE,LEGALAUTHENTICATOR,MIMETYPE,PARENTDOCUMENTID,PARENTDOCUMENTRELATIONSHIP,PRACTICESETTING,PRACTICESETTINGSCHEME,PRACTICESETTINGDISPLAYNAME,DOCUMENTSIZE,SOURCEPATIENTID,PID3,PID5,PID7,PID8,PID11,TYPECODE,TYPECODESCHEME,TYPECODEDISPLAYNAME,DOCUMENTURI,PERSISTENT,ONDEMAND,NEWDOCUMENTUNIQUEID,NEWREPOSITORYUNIQUEID) values (11,'1.123402.11111','Schnur CONNECT TESTGATEWAY Document 1','Axolotl Elysium','Test Two Workgroup','Primary Care Provider','General','Active','34133-9','2.16.840.1.113883.6.1','Summarization of Episode Note','Confidential','Confidential','Confidential',to_date('27-JUN-08','DD-MON-RR'),'CDAR2/IHE 1.0','formatCodeScheme_value','formatCodeDisplayName_value','D123402^^^&1.1&ISO',to_date('11-SEP-07','DD-MON-RR'),to_date('27-JUN-08','DD-MON-RR'),'urn:oasis:names:tc:ebxml-regrep:StatusType:Approved','Document 1 Schnur CONNECT TESTGATEWAY comments','ac0eec55d17eaa9c24054f8a7ecc5d3caa45d9f0','UTF-8','UTF-8','UTF-8','Scott Borst','Agilex Technologies','en-US','legal','text/xml','1.123402.11111','same','test','test','test',26934,'D123402^^^&1.1&ISO','pid1^^^domain','Schnur^Anna^^^','19560813','F','312 HILL ROAD^^HILLSBORO^MO^37660^US','test','test','test','1.123402.11111',0,0,null,null);
Insert into NHINCUSER.DOCUMENT (DOCUMENTID,DOCUMENTUNIQUEID,DOCUMENTTITLE,AUTHORPERSON,AUTHORINSTITUTION,AUTHORROLE,AUTHORSPECIALTY,AVAILABILITYSTATUS,CLASSCODE,CLASSCODESCHEME,CLASSCODEDISPLAYNAME,CONFIDENTIALITYCODE,CONFIDENTIALITYCODESCHEME,CONFIDENTIALITYCODEDISPLAYNAME,CREATIONTIME,FORMATCODE,FORMATCODESCHEME,FORMATCODEDISPLAYNAME,PATIENTID,SERVICESTARTTIME,SERVICESTOPTIME,STATUS,COMMENTS,HASH,FACILITYCODE,FACILITYCODESCHEME,FACILITYCODEDISPLAYNAME,INTENDEDRECIPIENTPERSON,INTENDEDRECIPIENTORGANIZATION,LANGUAGECODE,LEGALAUTHENTICATOR,MIMETYPE,PARENTDOCUMENTID,PARENTDOCUMENTRELATIONSHIP,PRACTICESETTING,PRACTICESETTINGSCHEME,PRACTICESETTINGDISPLAYNAME,DOCUMENTSIZE,SOURCEPATIENTID,PID3,PID5,PID7,PID8,PID11,TYPECODE,TYPECODESCHEME,TYPECODEDISPLAYNAME,DOCUMENTURI,PERSISTENT,ONDEMAND,NEWDOCUMENTUNIQUEID,NEWREPOSITORYUNIQUEID) values (12,'1.123400.11111','Audrey CONNECT TESTGATEWAY Document 1','Dr. Marcus Welby','CONNECT TESTGATEWAY','Primary Care Provider','General','Active','34133-9','2.16.840.1.113883.6.1','Summarization of Episode Note','Confidential','Confidential','Confidential',to_date('10-OCT-08','DD-MON-RR'),'CDAR2/IHE 1.0','formatCodeScheme_value','formatCodeDisplayName_value','D123400^^^&2.2&ISO',to_date('20-FEB-02','DD-MON-RR'),to_date('08-AUG-08','DD-MON-RR'),'urn:oasis:names:tc:ebxml-regrep:StatusType:Approved','Document 1 Audrey CONNECT TESTGATEWAY comments','834f1329dadc36c6b1cc6c787afac052006745c8','UTF-8','UTF-8','UTF-8','Scott Borst','Agilex Technologies','en-US','legal','text/xml','1.123409.11111','same','test','test','test',30845,'D123400^^^&2.2&ISO','pid1^^^domain','Kim^Audrey^^^','19800314','F','14701 Demming Drive^^Gainesville^VA^20155^US','test','test','test','1.123409.11111',0,0,null,null);
Insert into NHINCUSER.DOCUMENT (DOCUMENTID,DOCUMENTUNIQUEID,DOCUMENTTITLE,AUTHORPERSON,AUTHORINSTITUTION,AUTHORROLE,AUTHORSPECIALTY,AVAILABILITYSTATUS,CLASSCODE,CLASSCODESCHEME,CLASSCODEDISPLAYNAME,CONFIDENTIALITYCODE,CONFIDENTIALITYCODESCHEME,CONFIDENTIALITYCODEDISPLAYNAME,CREATIONTIME,FORMATCODE,FORMATCODESCHEME,FORMATCODEDISPLAYNAME,PATIENTID,SERVICESTARTTIME,SERVICESTOPTIME,STATUS,COMMENTS,HASH,FACILITYCODE,FACILITYCODESCHEME,FACILITYCODEDISPLAYNAME,INTENDEDRECIPIENTPERSON,INTENDEDRECIPIENTORGANIZATION,LANGUAGECODE,LEGALAUTHENTICATOR,MIMETYPE,PARENTDOCUMENTID,PARENTDOCUMENTRELATIONSHIP,PRACTICESETTING,PRACTICESETTINGSCHEME,PRACTICESETTINGDISPLAYNAME,DOCUMENTSIZE,SOURCEPATIENTID,PID3,PID5,PID7,PID8,PID11,TYPECODE,TYPECODESCHEME,TYPECODEDISPLAYNAME,DOCUMENTURI,PERSISTENT,ONDEMAND,NEWDOCUMENTUNIQUEID,NEWREPOSITORYUNIQUEID) values (13,'1.123400.22222','Audrey CONNECT TESTGATEWAY Document 2','Dr. Marcus Welby','CONNECT TESTGATEWAY','Primary Care Provider','General','Active','34133-9','2.16.840.1.113883.6.1','Summarization of patient data','Confidential','Confidential','Confidential',to_date('10-OCT-08','DD-MON-RR'),'CDAR2/IHE 1.0','formatCodeScheme_value','formatCodeDisplayName_value','D123400^^^&2.2&ISO',to_date('20-FEB-02','DD-MON-RR'),to_date('08-AUG-08','DD-MON-RR'),'urn:oasis:names:tc:ebxml-regrep:StatusType:Approved','Document 2 Audrey CONNECT TESTGATEWAY comments','5eb5764ed6607b17c65deddd5290c745b6aacf87','UTF-8','UTF-8','UTF-8','Scott Borst','Agilex Technologies','en-US','legal','text/xml','1.123409.22222','same','test','test','test',30845,'D123400^^^&2.2&ISO','pid1^^^domain','Kim^Audrey^^^','19800314','F','14701 Demming Drive^^Gainesville^VA^20155^US','test','test','test','1.123409.22222',0,0,null,null);
Insert into NHINCUSER.DOCUMENT (DOCUMENTID,DOCUMENTUNIQUEID,DOCUMENTTITLE,AUTHORPERSON,AUTHORINSTITUTION,AUTHORROLE,AUTHORSPECIALTY,AVAILABILITYSTATUS,CLASSCODE,CLASSCODESCHEME,CLASSCODEDISPLAYNAME,CONFIDENTIALITYCODE,CONFIDENTIALITYCODESCHEME,CONFIDENTIALITYCODEDISPLAYNAME,CREATIONTIME,FORMATCODE,FORMATCODESCHEME,FORMATCODEDISPLAYNAME,PATIENTID,SERVICESTARTTIME,SERVICESTOPTIME,STATUS,COMMENTS,HASH,FACILITYCODE,FACILITYCODESCHEME,FACILITYCODEDISPLAYNAME,INTENDEDRECIPIENTPERSON,INTENDEDRECIPIENTORGANIZATION,LANGUAGECODE,LEGALAUTHENTICATOR,MIMETYPE,PARENTDOCUMENTID,PARENTDOCUMENTRELATIONSHIP,PRACTICESETTING,PRACTICESETTINGSCHEME,PRACTICESETTINGDISPLAYNAME,DOCUMENTSIZE,SOURCEPATIENTID,PID3,PID5,PID7,PID8,PID11,TYPECODE,TYPECODESCHEME,TYPECODEDISPLAYNAME,DOCUMENTURI,PERSISTENT,ONDEMAND,NEWDOCUMENTUNIQUEID,NEWREPOSITORYUNIQUEID) values (14,'1.123400.33333','Audrey CONNECT TESTGATEWAY Document 3','Dr. Marcus Welby','CONNECT TESTGATEWAY','Primary Care Provider','General','Active','34133-9','2.16.840.1.113883.6.1','Summarization of Episode Note','Confidential','Confidential','Confidential',to_date('10-OCT-08','DD-MON-RR'),'CDAR2/IHE 1.0','formatCodeScheme_value','formatCodeDisplayName_value','D123400^^^&2.2&ISO',to_date('20-FEB-02','DD-MON-RR'),to_date('08-AUG-08','DD-MON-RR'),'urn:oasis:names:tc:ebxml-regrep:StatusType:Approved','Document 3 Audrey CONNECT TESTGATEWAY comments','1bb468bfc49532ab754604a38c96150891b5649a','UTF-8','UTF-8','UTF-8','Scott Borst','Agilex Technologies','en-US','legal','text/xml','1.123409.33333','same','test','test','test',30845,'D123400^^^&2.2&ISO','pid1^^^domain','Kim^Audrey^^^','19800314','F','14701 Demming Drive^^Gainesville^VA^20155^US','test','test','test','1.123409.33333',0,0,null,null);
Insert into NHINCUSER.DOCUMENT (DOCUMENTID,DOCUMENTUNIQUEID,DOCUMENTTITLE,AUTHORPERSON,AUTHORINSTITUTION,AUTHORROLE,AUTHORSPECIALTY,AVAILABILITYSTATUS,CLASSCODE,CLASSCODESCHEME,CLASSCODEDISPLAYNAME,CONFIDENTIALITYCODE,CONFIDENTIALITYCODESCHEME,CONFIDENTIALITYCODEDISPLAYNAME,CREATIONTIME,FORMATCODE,FORMATCODESCHEME,FORMATCODEDISPLAYNAME,PATIENTID,SERVICESTARTTIME,SERVICESTOPTIME,STATUS,COMMENTS,HASH,FACILITYCODE,FACILITYCODESCHEME,FACILITYCODEDISPLAYNAME,INTENDEDRECIPIENTPERSON,INTENDEDRECIPIENTORGANIZATION,LANGUAGECODE,LEGALAUTHENTICATOR,MIMETYPE,PARENTDOCUMENTID,PARENTDOCUMENTRELATIONSHIP,PRACTICESETTING,PRACTICESETTINGSCHEME,PRACTICESETTINGDISPLAYNAME,DOCUMENTSIZE,SOURCEPATIENTID,PID3,PID5,PID7,PID8,PID11,TYPECODE,TYPECODESCHEME,TYPECODEDISPLAYNAME,DOCUMENTURI,PERSISTENT,ONDEMAND,NEWDOCUMENTUNIQUEID,NEWREPOSITORYUNIQUEID) values (15,'1.123400.44444','Audrey CONNECT TESTGATEWAY Document 4','Dr. Marcus Welby','CONNECT TESTGATEWAY','Primary Care Provider','General','Active','34133-9','2.16.840.1.113883.6.1','Summarization of Episode Note','Confidential','Confidential','Confidential',to_date('10-OCT-08','DD-MON-RR'),'CDAR2/IHE 1.0','formatCodeScheme_value','formatCodeDisplayName_value','D123400^^^&2.2&ISO',to_date('20-FEB-02','DD-MON-RR'),to_date('08-AUG-08','DD-MON-RR'),'urn:oasis:names:tc:ebxml-regrep:StatusType:Approved','Document 4 Audrey CONNECT TESTGATEWAY comments','71495cbb028155c71adc701d15a0e091262404a6','UTF-8','UTF-8','UTF-8','Scott Borst','Agilex Technologies','en-US','legal','text/xml','1.123409.44444','same','test','test','test',30845,'D123400^^^&2.2&ISO','pid1^^^domain','Kim^Audrey^^^','19800314','F','14701 Demming Drive^^Gainesville^VA^20155^US','test','test','test','1.123409.44444',0,0,null,null);
Insert into NHINCUSER.DOCUMENT (DOCUMENTID,DOCUMENTUNIQUEID,DOCUMENTTITLE,AUTHORPERSON,AUTHORINSTITUTION,AUTHORROLE,AUTHORSPECIALTY,AVAILABILITYSTATUS,CLASSCODE,CLASSCODESCHEME,CLASSCODEDISPLAYNAME,CONFIDENTIALITYCODE,CONFIDENTIALITYCODESCHEME,CONFIDENTIALITYCODEDISPLAYNAME,CREATIONTIME,FORMATCODE,FORMATCODESCHEME,FORMATCODEDISPLAYNAME,PATIENTID,SERVICESTARTTIME,SERVICESTOPTIME,STATUS,COMMENTS,HASH,FACILITYCODE,FACILITYCODESCHEME,FACILITYCODEDISPLAYNAME,INTENDEDRECIPIENTPERSON,INTENDEDRECIPIENTORGANIZATION,LANGUAGECODE,LEGALAUTHENTICATOR,MIMETYPE,PARENTDOCUMENTID,PARENTDOCUMENTRELATIONSHIP,PRACTICESETTING,PRACTICESETTINGSCHEME,PRACTICESETTINGDISPLAYNAME,DOCUMENTSIZE,SOURCEPATIENTID,PID3,PID5,PID7,PID8,PID11,TYPECODE,TYPECODESCHEME,TYPECODEDISPLAYNAME,DOCUMENTURI,PERSISTENT,ONDEMAND,NEWDOCUMENTUNIQUEID,NEWREPOSITORYUNIQUEID) values (16,'1.123407.11111','Jordy CONNECT TESTGATEWAY Document 1','Dr. Marcus Welby','CONNECT TESTGATEWAY','Primary Care Provider','General','Active','34133-9','2.16.840.1.113883.6.1','Summarization of Episode Note','Confidential','Confidential','Confidential',to_date('07-JUL-07','DD-MON-RR'),'CDAR2/IHE 1.0','formatCodeScheme_value','formatCodeDisplayName_value','D123407^^^&1.1&ISO',to_date('30-MAR-03','DD-MON-RR'),to_date('04-APR-04','DD-MON-RR'),'urn:oasis:names:tc:ebxml-regrep:StatusType:Approved','Document 1 Jordy CONNECT TESTGATEWAY comments','3df33aa213f26bfdff0de033c84e95092682cbdd','UTF-8','UTF-8','UTF-8','Scott Borst','Agilex Technologies','en-US','legal','text/xml','1.123407.11111','same','test','test','test',30845,'D123407^^^&1.1&ISO','pid1^^^domain','LaForge^Jordy^^^','19231114','F','5804 Post Corners Trl^^Centreville^VA^20120^US','test','test','test','1.123407.11111',0,0,null,null);
Insert into NHINCUSER.DOCUMENT (DOCUMENTID,DOCUMENTUNIQUEID,DOCUMENTTITLE,AUTHORPERSON,AUTHORINSTITUTION,AUTHORROLE,AUTHORSPECIALTY,AVAILABILITYSTATUS,CLASSCODE,CLASSCODESCHEME,CLASSCODEDISPLAYNAME,CONFIDENTIALITYCODE,CONFIDENTIALITYCODESCHEME,CONFIDENTIALITYCODEDISPLAYNAME,CREATIONTIME,FORMATCODE,FORMATCODESCHEME,FORMATCODEDISPLAYNAME,PATIENTID,SERVICESTARTTIME,SERVICESTOPTIME,STATUS,COMMENTS,HASH,FACILITYCODE,FACILITYCODESCHEME,FACILITYCODEDISPLAYNAME,INTENDEDRECIPIENTPERSON,INTENDEDRECIPIENTORGANIZATION,LANGUAGECODE,LEGALAUTHENTICATOR,MIMETYPE,PARENTDOCUMENTID,PARENTDOCUMENTRELATIONSHIP,PRACTICESETTING,PRACTICESETTINGSCHEME,PRACTICESETTINGDISPLAYNAME,DOCUMENTSIZE,SOURCEPATIENTID,PID3,PID5,PID7,PID8,PID11,TYPECODE,TYPECODESCHEME,TYPECODEDISPLAYNAME,DOCUMENTURI,PERSISTENT,ONDEMAND,NEWDOCUMENTUNIQUEID,NEWREPOSITORYUNIQUEID) values (17,'1.123407.111110','Jordy CONNECT TESTGATEWAY Document 10','Dr. Marcus Welby','CONNECT TESTGATEWAY','Primary Care Provider','General','Active','34133-9','2.16.840.1.113883.6.1','Summarization of Episode Note','Confidential','Confidential','Confidential',to_date('03-MAR-03','DD-MON-RR'),'CDAR2/IHE 1.0','formatCodeScheme_value','formatCodeDisplayName_value','D123407^^^&1.1&ISO',to_date('15-MAY-02','DD-MON-RR'),to_date('04-APR-04','DD-MON-RR'),'urn:oasis:names:tc:ebxml-regrep:StatusType:Approved','Document 10 Jordy CONNECT TESTGATEWAY comments','57f94fa3b6987a95e7adbea240597062ab51e144','UTF-8','UTF-8','UTF-8','Scott Borst','Agilex Technologies','en-US','legal','text/xml','1.123407.111110','same','test','test','test',30845,'D123407^^^&1.1&ISO','pid1^^^domain','LaForge^Jordy^^^','19231114','F','5804 Post Corners Trl^^Centreville^VA^20120^US','test','test','test','1.123407.111110',0,0,null,null);
Insert into NHINCUSER.DOCUMENT (DOCUMENTID,DOCUMENTUNIQUEID,DOCUMENTTITLE,AUTHORPERSON,AUTHORINSTITUTION,AUTHORROLE,AUTHORSPECIALTY,AVAILABILITYSTATUS,CLASSCODE,CLASSCODESCHEME,CLASSCODEDISPLAYNAME,CONFIDENTIALITYCODE,CONFIDENTIALITYCODESCHEME,CONFIDENTIALITYCODEDISPLAYNAME,CREATIONTIME,FORMATCODE,FORMATCODESCHEME,FORMATCODEDISPLAYNAME,PATIENTID,SERVICESTARTTIME,SERVICESTOPTIME,STATUS,COMMENTS,HASH,FACILITYCODE,FACILITYCODESCHEME,FACILITYCODEDISPLAYNAME,INTENDEDRECIPIENTPERSON,INTENDEDRECIPIENTORGANIZATION,LANGUAGECODE,LEGALAUTHENTICATOR,MIMETYPE,PARENTDOCUMENTID,PARENTDOCUMENTRELATIONSHIP,PRACTICESETTING,PRACTICESETTINGSCHEME,PRACTICESETTINGDISPLAYNAME,DOCUMENTSIZE,SOURCEPATIENTID,PID3,PID5,PID7,PID8,PID11,TYPECODE,TYPECODESCHEME,TYPECODEDISPLAYNAME,DOCUMENTURI,PERSISTENT,ONDEMAND,NEWDOCUMENTUNIQUEID,NEWREPOSITORYUNIQUEID) values (18,'1.123407.111111','Jordy CONNECT TESTGATEWAY Document 11','Dr. Marcus Welby','CONNECT TESTGATEWAY','Primary Care Provider','General','Active','34133-9','2.16.840.1.113883.6.1','Summarization of Episode Note','Confidential','Confidential','Confidential',to_date('03-MAR-03','DD-MON-RR'),'CDAR2/IHE 1.0','formatCodeScheme_value','formatCodeDisplayName_value','D123407^^^&1.1&ISO',to_date('20-FEB-02','DD-MON-RR'),to_date('04-APR-04','DD-MON-RR'),'urn:oasis:names:tc:ebxml-regrep:StatusType:Approved','Document 11 Jordy CONNECT TESTGATEWAY comments','183f9824d366f444ab9af038de4766da4840215d','UTF-8','UTF-8','UTF-8','Scott Borst','Agilex Technologies','en-US','legal','text/xml','1.123407.111111','same','test','test','test',30845,'D123407^^^&1.1&ISO','pid1^^^domain','LaForge^Jordy^^^','19231114','F','5804 Post Corners Trl^^Centreville^VA^20120^US','test','test','test','1.123407.111111',0,0,null,null);
Insert into NHINCUSER.DOCUMENT (DOCUMENTID,DOCUMENTUNIQUEID,DOCUMENTTITLE,AUTHORPERSON,AUTHORINSTITUTION,AUTHORROLE,AUTHORSPECIALTY,AVAILABILITYSTATUS,CLASSCODE,CLASSCODESCHEME,CLASSCODEDISPLAYNAME,CONFIDENTIALITYCODE,CONFIDENTIALITYCODESCHEME,CONFIDENTIALITYCODEDISPLAYNAME,CREATIONTIME,FORMATCODE,FORMATCODESCHEME,FORMATCODEDISPLAYNAME,PATIENTID,SERVICESTARTTIME,SERVICESTOPTIME,STATUS,COMMENTS,HASH,FACILITYCODE,FACILITYCODESCHEME,FACILITYCODEDISPLAYNAME,INTENDEDRECIPIENTPERSON,INTENDEDRECIPIENTORGANIZATION,LANGUAGECODE,LEGALAUTHENTICATOR,MIMETYPE,PARENTDOCUMENTID,PARENTDOCUMENTRELATIONSHIP,PRACTICESETTING,PRACTICESETTINGSCHEME,PRACTICESETTINGDISPLAYNAME,DOCUMENTSIZE,SOURCEPATIENTID,PID3,PID5,PID7,PID8,PID11,TYPECODE,TYPECODESCHEME,TYPECODEDISPLAYNAME,DOCUMENTURI,PERSISTENT,ONDEMAND,NEWDOCUMENTUNIQUEID,NEWREPOSITORYUNIQUEID) values (19,'1.123407.222222','Jordy CONNECT TESTGATEWAY Document 12','Dr. Marcus Welby','CONNECT TESTGATEWAY','Primary Care Provider','General','Active','34133-9','2.16.840.1.113883.6.1','Summarization of Episode Note','Confidential','Confidential','Confidential',to_date('03-MAR-03','DD-MON-RR'),'CDAR2/IHE 1.0','formatCodeScheme_value','formatCodeDisplayName_value','D123407^^^&1.1&ISO',to_date('10-JAN-01','DD-MON-RR'),to_date('04-APR-04','DD-MON-RR'),'urn:oasis:names:tc:ebxml-regrep:StatusType:Approved','Document 12 Jordy CONNECT TESTGATEWAY comments','d6773df027972bc3ad4ef80280a2b1ddb84bbb9e','UTF-8','UTF-8','UTF-8','Scott Borst','Agilex Technologies','en-US','legal','text/xml','1.123407.222222','same','test','test','test',30845,'D123407^^^&1.1&ISO','pid1^^^domain','LaForge^Jordy^^^','19231114','F','5804 Post Corners Trl^^Centreville^VA^20120^US','test','test','test','1.123407.222222',0,0,null,null);
Insert into NHINCUSER.DOCUMENT (DOCUMENTID,DOCUMENTUNIQUEID,DOCUMENTTITLE,AUTHORPERSON,AUTHORINSTITUTION,AUTHORROLE,AUTHORSPECIALTY,AVAILABILITYSTATUS,CLASSCODE,CLASSCODESCHEME,CLASSCODEDISPLAYNAME,CONFIDENTIALITYCODE,CONFIDENTIALITYCODESCHEME,CONFIDENTIALITYCODEDISPLAYNAME,CREATIONTIME,FORMATCODE,FORMATCODESCHEME,FORMATCODEDISPLAYNAME,PATIENTID,SERVICESTARTTIME,SERVICESTOPTIME,STATUS,COMMENTS,HASH,FACILITYCODE,FACILITYCODESCHEME,FACILITYCODEDISPLAYNAME,INTENDEDRECIPIENTPERSON,INTENDEDRECIPIENTORGANIZATION,LANGUAGECODE,LEGALAUTHENTICATOR,MIMETYPE,PARENTDOCUMENTID,PARENTDOCUMENTRELATIONSHIP,PRACTICESETTING,PRACTICESETTINGSCHEME,PRACTICESETTINGDISPLAYNAME,DOCUMENTSIZE,SOURCEPATIENTID,PID3,PID5,PID7,PID8,PID11,TYPECODE,TYPECODESCHEME,TYPECODEDISPLAYNAME,DOCUMENTURI,PERSISTENT,ONDEMAND,NEWDOCUMENTUNIQUEID,NEWREPOSITORYUNIQUEID) values (20,'1.123407.333333','Jordy CONNECT TESTGATEWAY Document 13','Dr. Marcus Welby','CONNECT TESTGATEWAY','Primary Care Provider','General','Active','34133-9','2.16.840.1.113883.6.1','Summarization of Episode Note','Confidential','Confidential','Confidential',to_date('03-MAR-03','DD-MON-RR'),'CDAR2/IHE 1.0','formatCodeScheme_value','formatCodeDisplayName_value','D123407^^^&1.1&ISO',to_date('10-JAN-01','DD-MON-RR'),to_date('04-APR-04','DD-MON-RR'),'urn:oasis:names:tc:ebxml-regrep:StatusType:Approved','Document 13 Jordy CONNECT TESTGATEWAY comments','8fae430010218b7be532d6773f3a9817f07c527d','UTF-8','UTF-8','UTF-8','Scott Borst','Agilex Technologies','en-US','legal','text/xml','1.123407.333333','same','test','test','test',30845,'D123407^^^&1.1&ISO','pid1^^^domain','LaForge^Jordy^^^','19231114','F','5804 Post Corners Trl^^Centreville^VA^20120^US','test','test','test','1.123407.333333',0,0,null,null);
Insert into NHINCUSER.DOCUMENT (DOCUMENTID,DOCUMENTUNIQUEID,DOCUMENTTITLE,AUTHORPERSON,AUTHORINSTITUTION,AUTHORROLE,AUTHORSPECIALTY,AVAILABILITYSTATUS,CLASSCODE,CLASSCODESCHEME,CLASSCODEDISPLAYNAME,CONFIDENTIALITYCODE,CONFIDENTIALITYCODESCHEME,CONFIDENTIALITYCODEDISPLAYNAME,CREATIONTIME,FORMATCODE,FORMATCODESCHEME,FORMATCODEDISPLAYNAME,PATIENTID,SERVICESTARTTIME,SERVICESTOPTIME,STATUS,COMMENTS,HASH,FACILITYCODE,FACILITYCODESCHEME,FACILITYCODEDISPLAYNAME,INTENDEDRECIPIENTPERSON,INTENDEDRECIPIENTORGANIZATION,LANGUAGECODE,LEGALAUTHENTICATOR,MIMETYPE,PARENTDOCUMENTID,PARENTDOCUMENTRELATIONSHIP,PRACTICESETTING,PRACTICESETTINGSCHEME,PRACTICESETTINGDISPLAYNAME,DOCUMENTSIZE,SOURCEPATIENTID,PID3,PID5,PID7,PID8,PID11,TYPECODE,TYPECODESCHEME,TYPECODEDISPLAYNAME,DOCUMENTURI,PERSISTENT,ONDEMAND,NEWDOCUMENTUNIQUEID,NEWREPOSITORYUNIQUEID) values (21,'1.123407.444444','Jordy CONNECT TESTGATEWAY Document 14','Dr. Marcus Welby','CONNECT TESTGATEWAY','Primary Care Provider','General','Active','34133-9','2.16.840.1.113883.6.1','Summarization of Episode Note','Confidential','Confidential','Confidential',to_date('03-MAR-03','DD-MON-RR'),'CDAR2/IHE 1.0','formatCodeScheme_value','formatCodeDisplayName_value','D123407^^^&1.1&ISO',to_date('10-JAN-01','DD-MON-RR'),to_date('04-APR-04','DD-MON-RR'),'urn:oasis:names:tc:ebxml-regrep:StatusType:Approved','Document 14 Jordy CONNECT TESTGATEWAY comments','2a0cfd00322edff05908f260ef113db8bbe8982a','UTF-8','UTF-8','UTF-8','Scott Borst','Agilex Technologies','en-US','legal','text/xml','1.123407.444444','same','test','test','test',30845,'D123407^^^&1.1&ISO','pid1^^^domain','LaForge^Jordy^^^','19231114','F','5804 Post Corners Trl^^Centreville^VA^20120^US','test','test','test','1.123407.444444',0,0,null,null);
Insert into NHINCUSER.DOCUMENT (DOCUMENTID,DOCUMENTUNIQUEID,DOCUMENTTITLE,AUTHORPERSON,AUTHORINSTITUTION,AUTHORROLE,AUTHORSPECIALTY,AVAILABILITYSTATUS,CLASSCODE,CLASSCODESCHEME,CLASSCODEDISPLAYNAME,CONFIDENTIALITYCODE,CONFIDENTIALITYCODESCHEME,CONFIDENTIALITYCODEDISPLAYNAME,CREATIONTIME,FORMATCODE,FORMATCODESCHEME,FORMATCODEDISPLAYNAME,PATIENTID,SERVICESTARTTIME,SERVICESTOPTIME,STATUS,COMMENTS,HASH,FACILITYCODE,FACILITYCODESCHEME,FACILITYCODEDISPLAYNAME,INTENDEDRECIPIENTPERSON,INTENDEDRECIPIENTORGANIZATION,LANGUAGECODE,LEGALAUTHENTICATOR,MIMETYPE,PARENTDOCUMENTID,PARENTDOCUMENTRELATIONSHIP,PRACTICESETTING,PRACTICESETTINGSCHEME,PRACTICESETTINGDISPLAYNAME,DOCUMENTSIZE,SOURCEPATIENTID,PID3,PID5,PID7,PID8,PID11,TYPECODE,TYPECODESCHEME,TYPECODEDISPLAYNAME,DOCUMENTURI,PERSISTENT,ONDEMAND,NEWDOCUMENTUNIQUEID,NEWREPOSITORYUNIQUEID) values (22,'1.123407.555555','Jordy CONNECT TESTGATEWAY Document 15','Dr. Marcus Welby','CONNECT TESTGATEWAY','Primary Care Provider','General','Active','34133-9','2.16.840.1.113883.6.1','Summarization of Episode Note','Confidential','Confidential','Confidential',to_date('06-JUN-06','DD-MON-RR'),'CDAR2/IHE 1.0','formatCodeScheme_value','formatCodeDisplayName_value','D123407^^^&1.1&ISO',to_date('22-FEB-02','DD-MON-RR'),to_date('05-MAY-05','DD-MON-RR'),'urn:oasis:names:tc:ebxml-regrep:StatusType:Approved','Document 15 Jordy CONNECT TESTGATEWAY comments','ec45a24c8b591ca9ba967f1abbfa486df47b2d96','UTF-8','UTF-8','UTF-8','Scott Borst','Agilex Technologies','en-US','legal','text/xml','1.123407.555555','same','test','test','test',30845,'D123407^^^&1.1&ISO','pid1^^^domain','LaForge^Jordy^^^','19231114','F 
','5804 Post Corners Trl^^Centreville^VA^20120^US','test','test','test','1.123407.555555',0,0,null,null);
Insert into NHINCUSER.DOCUMENT (DOCUMENTID,DOCUMENTUNIQUEID,DOCUMENTTITLE,AUTHORPERSON,AUTHORINSTITUTION,AUTHORROLE,AUTHORSPECIALTY,AVAILABILITYSTATUS,CLASSCODE,CLASSCODESCHEME,CLASSCODEDISPLAYNAME,CONFIDENTIALITYCODE,CONFIDENTIALITYCODESCHEME,CONFIDENTIALITYCODEDISPLAYNAME,CREATIONTIME,FORMATCODE,FORMATCODESCHEME,FORMATCODEDISPLAYNAME,PATIENTID,SERVICESTARTTIME,SERVICESTOPTIME,STATUS,COMMENTS,HASH,FACILITYCODE,FACILITYCODESCHEME,FACILITYCODEDISPLAYNAME,INTENDEDRECIPIENTPERSON,INTENDEDRECIPIENTORGANIZATION,LANGUAGECODE,LEGALAUTHENTICATOR,MIMETYPE,PARENTDOCUMENTID,PARENTDOCUMENTRELATIONSHIP,PRACTICESETTING,PRACTICESETTINGSCHEME,PRACTICESETTINGDISPLAYNAME,DOCUMENTSIZE,SOURCEPATIENTID,PID3,PID5,PID7,PID8,PID11,TYPECODE,TYPECODESCHEME,TYPECODEDISPLAYNAME,DOCUMENTURI,PERSISTENT,ONDEMAND,NEWDOCUMENTUNIQUEID,NEWREPOSITORYUNIQUEID) values (23,'1.123407.666666','Jordy CONNECT TESTGATEWAY Document 16','Dr. Marcus Welby','CONNECT TESTGATEWAY','Primary Care Provider','General','Active','34133-9','2.16.840.1.113883.6.1','Summarization of Episode Note','Confidential','Confidential','Confidential',to_date('06-JUN-06','DD-MON-RR'),'CDAR2/IHE 1.0','formatCodeScheme_value','formatCodeDisplayName_value','D123407^^^&1.1&ISO',to_date('22-FEB-02','DD-MON-RR'),to_date('05-MAY-05','DD-MON-RR'),'urn:oasis:names:tc:ebxml-regrep:StatusType:Approved','Document 16 Jordy CONNECT TESTGATEWAY comments','26d7bcd8584d759470a4bc844800934e81a15050','UTF-8','UTF-8','UTF-8','Scott Borst','Agilex Technologies','en-US','legal','text/xml','1.123407.666666','same','test','test','test',30845,'D123407^^^&1.1&ISO','pid1^^^domain','LaForge^Jordy^^^','19231114','F','5804 Post Corners Trl^^Centreville^VA^20120^US','test','test','test','1.123407.666666',0,0,null,null);
Insert into NHINCUSER.DOCUMENT (DOCUMENTID,DOCUMENTUNIQUEID,DOCUMENTTITLE,AUTHORPERSON,AUTHORINSTITUTION,AUTHORROLE,AUTHORSPECIALTY,AVAILABILITYSTATUS,CLASSCODE,CLASSCODESCHEME,CLASSCODEDISPLAYNAME,CONFIDENTIALITYCODE,CONFIDENTIALITYCODESCHEME,CONFIDENTIALITYCODEDISPLAYNAME,CREATIONTIME,FORMATCODE,FORMATCODESCHEME,FORMATCODEDISPLAYNAME,PATIENTID,SERVICESTARTTIME,SERVICESTOPTIME,STATUS,COMMENTS,HASH,FACILITYCODE,FACILITYCODESCHEME,FACILITYCODEDISPLAYNAME,INTENDEDRECIPIENTPERSON,INTENDEDRECIPIENTORGANIZATION,LANGUAGECODE,LEGALAUTHENTICATOR,MIMETYPE,PARENTDOCUMENTID,PARENTDOCUMENTRELATIONSHIP,PRACTICESETTING,PRACTICESETTINGSCHEME,PRACTICESETTINGDISPLAYNAME,DOCUMENTSIZE,SOURCEPATIENTID,PID3,PID5,PID7,PID8,PID11,TYPECODE,TYPECODESCHEME,TYPECODEDISPLAYNAME,DOCUMENTURI,PERSISTENT,ONDEMAND,NEWDOCUMENTUNIQUEID,NEWREPOSITORYUNIQUEID) values (24,'1.123407.777777','Jordy CONNECT TESTGATEWAY Document 17','Dr. Marcus Welby','CONNECT TESTGATEWAY','Primary Care Provider','General','Active','34133-9','2.16.840.1.113883.6.1','Summarization of Episode Note','Confidential','Confidential','Confidential',to_date('06-JUN-06','DD-MON-RR'),'CDAR2/IHE 1.0','formatCodeScheme_value','formatCodeDisplayName_value','D123407^^^&1.1&ISO',to_date('22-FEB-02','DD-MON-RR'),to_date('05-MAY-05','DD-MON-RR'),'urn:oasis:names:tc:ebxml-regrep:StatusType:Approved','Document 17 Jordy CONNECT TESTGATEWAY comments','bda9b77639eb649793b9d7daccbd0cccfedc7a12','UTF-8','UTF-8','UTF-8','Scott Borst','Agilex Technologies','en-US','legal','text/xml','1.123407.777777','same','test','test','test',30845,'D123407^^^&1.1&ISO','pid1^^^domain','LaForge^Jordy^^^','19231114','F','5804 Post Corners Trl^^Centreville^VA^20120^US','test','test','test','1.123407.777777',0,0,null,null);
Insert into NHINCUSER.DOCUMENT (DOCUMENTID,DOCUMENTUNIQUEID,DOCUMENTTITLE,AUTHORPERSON,AUTHORINSTITUTION,AUTHORROLE,AUTHORSPECIALTY,AVAILABILITYSTATUS,CLASSCODE,CLASSCODESCHEME,CLASSCODEDISPLAYNAME,CONFIDENTIALITYCODE,CONFIDENTIALITYCODESCHEME,CONFIDENTIALITYCODEDISPLAYNAME,CREATIONTIME,FORMATCODE,FORMATCODESCHEME,FORMATCODEDISPLAYNAME,PATIENTID,SERVICESTARTTIME,SERVICESTOPTIME,STATUS,COMMENTS,HASH,FACILITYCODE,FACILITYCODESCHEME,FACILITYCODEDISPLAYNAME,INTENDEDRECIPIENTPERSON,INTENDEDRECIPIENTORGANIZATION,LANGUAGECODE,LEGALAUTHENTICATOR,MIMETYPE,PARENTDOCUMENTID,PARENTDOCUMENTRELATIONSHIP,PRACTICESETTING,PRACTICESETTINGSCHEME,PRACTICESETTINGDISPLAYNAME,DOCUMENTSIZE,SOURCEPATIENTID,PID3,PID5,PID7,PID8,PID11,TYPECODE,TYPECODESCHEME,TYPECODEDISPLAYNAME,DOCUMENTURI,PERSISTENT,ONDEMAND,NEWDOCUMENTUNIQUEID,NEWREPOSITORYUNIQUEID) values (25,'1.123407.888888','Jordy CONNECT TESTGATEWAY Document 18','Dr. Marcus Welby','CONNECT TESTGATEWAY','Primary Care Provider','General','Active','34133-9','2.16.840.1.113883.6.1','Summarization of Episode Note','Confidential','Confidential','Confidential',to_date('06-JUN-06','DD-MON-RR'),'CDAR2/IHE 1.0','formatCodeScheme_value','formatCodeDisplayName_value','D123407^^^&1.1&ISO',to_date('08-AUG-02','DD-MON-RR'),to_date('08-AUG-08','DD-MON-RR'),'urn:oasis:names:tc:ebxml-regrep:StatusType:Approved','Document 18 Jordy CONNECT TESTGATEWAY comments','929def316900b42ac36718d4bd6bcb90a39be692','UTF-8','UTF-8','UTF-8','Scott Borst','Agilex Technologies','en-US','legal','text/xml','1.123407.888888','same','test','test','test',30845,'D123407^^^&1.1&ISO','pid1^^^domain','LaForge^Jordy^^^','19231114','F','5804 Post Corners Trl^^Centreville^VA^20120^US','test','test','test','1.123407.888888',0,0,null,null);
Insert into NHINCUSER.DOCUMENT (DOCUMENTID,DOCUMENTUNIQUEID,DOCUMENTTITLE,AUTHORPERSON,AUTHORINSTITUTION,AUTHORROLE,AUTHORSPECIALTY,AVAILABILITYSTATUS,CLASSCODE,CLASSCODESCHEME,CLASSCODEDISPLAYNAME,CONFIDENTIALITYCODE,CONFIDENTIALITYCODESCHEME,CONFIDENTIALITYCODEDISPLAYNAME,CREATIONTIME,FORMATCODE,FORMATCODESCHEME,FORMATCODEDISPLAYNAME,PATIENTID,SERVICESTARTTIME,SERVICESTOPTIME,STATUS,COMMENTS,HASH,FACILITYCODE,FACILITYCODESCHEME,FACILITYCODEDISPLAYNAME,INTENDEDRECIPIENTPERSON,INTENDEDRECIPIENTORGANIZATION,LANGUAGECODE,LEGALAUTHENTICATOR,MIMETYPE,PARENTDOCUMENTID,PARENTDOCUMENTRELATIONSHIP,PRACTICESETTING,PRACTICESETTINGSCHEME,PRACTICESETTINGDISPLAYNAME,DOCUMENTSIZE,SOURCEPATIENTID,PID3,PID5,PID7,PID8,PID11,TYPECODE,TYPECODESCHEME,TYPECODEDISPLAYNAME,DOCUMENTURI,PERSISTENT,ONDEMAND,NEWDOCUMENTUNIQUEID,NEWREPOSITORYUNIQUEID) values (26,'1.123407.999999','Jordy CONNECT TESTGATEWAY Document 19','Dr. Marcus Welby','CONNECT TESTGATEWAY','Primary Care Provider','General','Active','34133-9','2.16.840.1.113883.6.1','Summarization of Episode Note','Confidential','Confidential','Confidential',to_date('06-JUN-06','DD-MON-RR'),'CDAR2/IHE 1.0','formatCodeScheme_value','formatCodeDisplayName_value','D123407^^^&1.1&ISO',to_date('08-AUG-02','DD-MON-RR'),to_date('08-AUG-08','DD-MON-RR'),'urn:oasis:names:tc:ebxml-regrep:StatusType:Approved','Document 19 Jordy CONNECT TESTGATEWAY comments','39bba08c4a33a9f02fc05e77b4579371ae4ce3f0','UTF-8','UTF-8','UTF-8','Scott Borst','Agilex Technologies','en-US','legal','text/xml','1.123407.999999','same','test','test','test',30845,'D123407^^^&1.1&ISO','pid1^^^domain','LaForge^Jordy^^^','19231114','F','5804 Post Corners Trl^^Centreville^VA^20120^US','test','test','test','1.123407.999999',0,0,null,null);
Insert into NHINCUSER.DOCUMENT (DOCUMENTID,DOCUMENTUNIQUEID,DOCUMENTTITLE,AUTHORPERSON,AUTHORINSTITUTION,AUTHORROLE,AUTHORSPECIALTY,AVAILABILITYSTATUS,CLASSCODE,CLASSCODESCHEME,CLASSCODEDISPLAYNAME,CONFIDENTIALITYCODE,CONFIDENTIALITYCODESCHEME,CONFIDENTIALITYCODEDISPLAYNAME,CREATIONTIME,FORMATCODE,FORMATCODESCHEME,FORMATCODEDISPLAYNAME,PATIENTID,SERVICESTARTTIME,SERVICESTOPTIME,STATUS,COMMENTS,HASH,FACILITYCODE,FACILITYCODESCHEME,FACILITYCODEDISPLAYNAME,INTENDEDRECIPIENTPERSON,INTENDEDRECIPIENTORGANIZATION,LANGUAGECODE,LEGALAUTHENTICATOR,MIMETYPE,PARENTDOCUMENTID,PARENTDOCUMENTRELATIONSHIP,PRACTICESETTING,PRACTICESETTINGSCHEME,PRACTICESETTINGDISPLAYNAME,DOCUMENTSIZE,SOURCEPATIENTID,PID3,PID5,PID7,PID8,PID11,TYPECODE,TYPECODESCHEME,TYPECODEDISPLAYNAME,DOCUMENTURI,PERSISTENT,ONDEMAND,NEWDOCUMENTUNIQUEID,NEWREPOSITORYUNIQUEID) values (27,'1.123407.22222','Jordy CONNECT TESTGATEWAY Document 2','Dr. Marcus Welby','CONNECT TESTGATEWAY','Primary Care Provider','General','Active','34133-9','2.16.840.1.113883.6.1','Summarization of Episode Note','Confidential','Confidential','Confidential',to_date('07-JUL-07','DD-MON-RR'),'CDAR2/IHE 1.0','formatCodeScheme_value','formatCodeDisplayName_value','D123407^^^&1.1&ISO',to_date('30-MAR-03','DD-MON-RR'),to_date('04-APR-04','DD-MON-RR'),'urn:oasis:names:tc:ebxml-regrep:StatusType:Approved','Document 2 Jordy CONNECT TESTGATEWAY comments','7cb4c20dc09500caa7cc5a585e2ab0112fb6c3dd','UTF-8','UTF-8','UTF-8','Scott Borst','Agilex Technologies','en-US','legal','text/xml','1.123407.22222','same','test','test','test',30845,'D123407^^^&1.1&ISO','pid1^^^domain','LaForge^Jordy^^^','19231114','F','5804 Post Corners Trl^^Centreville^VA^20120^US','test','test','test','1.123407.22222',0,0,null,null);
Insert into NHINCUSER.DOCUMENT (DOCUMENTID,DOCUMENTUNIQUEID,DOCUMENTTITLE,AUTHORPERSON,AUTHORINSTITUTION,AUTHORROLE,AUTHORSPECIALTY,AVAILABILITYSTATUS,CLASSCODE,CLASSCODESCHEME,CLASSCODEDISPLAYNAME,CONFIDENTIALITYCODE,CONFIDENTIALITYCODESCHEME,CONFIDENTIALITYCODEDISPLAYNAME,CREATIONTIME,FORMATCODE,FORMATCODESCHEME,FORMATCODEDISPLAYNAME,PATIENTID,SERVICESTARTTIME,SERVICESTOPTIME,STATUS,COMMENTS,HASH,FACILITYCODE,FACILITYCODESCHEME,FACILITYCODEDISPLAYNAME,INTENDEDRECIPIENTPERSON,INTENDEDRECIPIENTORGANIZATION,LANGUAGECODE,LEGALAUTHENTICATOR,MIMETYPE,PARENTDOCUMENTID,PARENTDOCUMENTRELATIONSHIP,PRACTICESETTING,PRACTICESETTINGSCHEME,PRACTICESETTINGDISPLAYNAME,DOCUMENTSIZE,SOURCEPATIENTID,PID3,PID5,PID7,PID8,PID11,TYPECODE,TYPECODESCHEME,TYPECODEDISPLAYNAME,DOCUMENTURI,PERSISTENT,ONDEMAND,NEWDOCUMENTUNIQUEID,NEWREPOSITORYUNIQUEID) values (28,'1.123407.1111110','Jordy CONNECT TESTGATEWAY Document 20','Dr. Marcus Welby','CONNECT TESTGATEWAY','Primary Care Provider','General','Active','34133-9','2.16.840.1.113883.6.1','Summarization of Episode Note','Confidential','Confidential','Confidential',to_date('06-JUN-06','DD-MON-RR'),'CDAR2/IHE 1.0','formatCodeScheme_value','formatCodeDisplayName_value','D123407^^^&1.1&ISO',to_date('08-AUG-02','DD-MON-RR'),to_date('08-AUG-08','DD-MON-RR'),'urn:oasis:names:tc:ebxml-regrep:StatusType:Approved','Document 20 Jordy CONNECT TESTGATEWAY comments','6902690affb768b1a86f88f537116f95b23d55a7','UTF-8','UTF-8','UTF-8','Scott Borst','Agilex Technologies','en-US','legal','text/xml','1.123407.1111110','same','test','test','test',30845,'D123407^^^&1.1&ISO','pid1^^^domain','LaForge^Jordy^^^','19231114','F','5804 Post Corners Trl^^Centreville^VA^20120^US','test','test','test','1.123407.1111110',0,0,null,null);
Insert into NHINCUSER.DOCUMENT (DOCUMENTID,DOCUMENTUNIQUEID,DOCUMENTTITLE,AUTHORPERSON,AUTHORINSTITUTION,AUTHORROLE,AUTHORSPECIALTY,AVAILABILITYSTATUS,CLASSCODE,CLASSCODESCHEME,CLASSCODEDISPLAYNAME,CONFIDENTIALITYCODE,CONFIDENTIALITYCODESCHEME,CONFIDENTIALITYCODEDISPLAYNAME,CREATIONTIME,FORMATCODE,FORMATCODESCHEME,FORMATCODEDISPLAYNAME,PATIENTID,SERVICESTARTTIME,SERVICESTOPTIME,STATUS,COMMENTS,HASH,FACILITYCODE,FACILITYCODESCHEME,FACILITYCODEDISPLAYNAME,INTENDEDRECIPIENTPERSON,INTENDEDRECIPIENTORGANIZATION,LANGUAGECODE,LEGALAUTHENTICATOR,MIMETYPE,PARENTDOCUMENTID,PARENTDOCUMENTRELATIONSHIP,PRACTICESETTING,PRACTICESETTINGSCHEME,PRACTICESETTINGDISPLAYNAME,DOCUMENTSIZE,SOURCEPATIENTID,PID3,PID5,PID7,PID8,PID11,TYPECODE,TYPECODESCHEME,TYPECODEDISPLAYNAME,DOCUMENTURI,PERSISTENT,ONDEMAND,NEWDOCUMENTUNIQUEID,NEWREPOSITORYUNIQUEID) values (29,'1.123407.33333','Jordy CONNECT TESTGATEWAY Document 3','Dr. Marcus Welby','CONNECT TESTGATEWAY','Primary Care Provider','General','Active','34133-9','2.16.840.1.113883.6.1','Summarization of Episode Note','Confidential','Confidential','Confidential',to_date('05-MAY-07','DD-MON-RR'),'CDAR2/IHE 1.0','formatCodeScheme_value','formatCodeDisplayName_value','D123407^^^&1.1&ISO',to_date('15-MAY-03','DD-MON-RR'),to_date('06-JUN-06','DD-MON-RR'),'urn:oasis:names:tc:ebxml-regrep:StatusType:Approved','Document 3 Jordy CONNECT TESTGATEWAY comments','d9c277281aa970ff737fe9b09cbdef0488527890','UTF-8','UTF-8','UTF-8','Scott Borst','Agilex Technologies','en-US','legal','text/xml','1.123407.33333','same','test','test','test',30845,'D123407^^^&1.1&ISO','pid1^^^domain','LaForge^Jordy^^^','19231114','F','5804 Post Corners Trl^^Centreville^VA^20120^US','test','test','test','1.123407.33333',0,0,null,null);
Insert into NHINCUSER.DOCUMENT (DOCUMENTID,DOCUMENTUNIQUEID,DOCUMENTTITLE,AUTHORPERSON,AUTHORINSTITUTION,AUTHORROLE,AUTHORSPECIALTY,AVAILABILITYSTATUS,CLASSCODE,CLASSCODESCHEME,CLASSCODEDISPLAYNAME,CONFIDENTIALITYCODE,CONFIDENTIALITYCODESCHEME,CONFIDENTIALITYCODEDISPLAYNAME,CREATIONTIME,FORMATCODE,FORMATCODESCHEME,FORMATCODEDISPLAYNAME,PATIENTID,SERVICESTARTTIME,SERVICESTOPTIME,STATUS,COMMENTS,HASH,FACILITYCODE,FACILITYCODESCHEME,FACILITYCODEDISPLAYNAME,INTENDEDRECIPIENTPERSON,INTENDEDRECIPIENTORGANIZATION,LANGUAGECODE,LEGALAUTHENTICATOR,MIMETYPE,PARENTDOCUMENTID,PARENTDOCUMENTRELATIONSHIP,PRACTICESETTING,PRACTICESETTINGSCHEME,PRACTICESETTINGDISPLAYNAME,DOCUMENTSIZE,SOURCEPATIENTID,PID3,PID5,PID7,PID8,PID11,TYPECODE,TYPECODESCHEME,TYPECODEDISPLAYNAME,DOCUMENTURI,PERSISTENT,ONDEMAND,NEWDOCUMENTUNIQUEID,NEWREPOSITORYUNIQUEID) values (30,'1.123407.44444','Jordy CONNECT TESTGATEWAY Document 4','Dr. Marcus Welby','CONNECT TESTGATEWAY','Primary Care Provider','General','Active','34133-9','2.16.840.1.113883.6.1','Summarization of Episode Note','Confidential','Confidential','Confidential',to_date('05-MAY-07','DD-MON-RR'),'CDAR2/IHE 1.0','formatCodeScheme_value','formatCodeDisplayName_value','D123407^^^&1.1&ISO',to_date('15-MAY-03','DD-MON-RR'),to_date('06-JUN-06','DD-MON-RR'),'urn:oasis:names:tc:ebxml-regrep:StatusType:Approved','Document 4 Jordy CONNECT TESTGATEWAY comments','8fb2a3d87367be542b186b9f79b6c52f7988d177','UTF-8','UTF-8','UTF-8','Scott Borst','Agilex Technologies','en-US','legal','text/xml','1.123407.44444','same','test','test','test',30845,'D123407^^^&1.1&ISO','pid1^^^domain','LaForge^Jordy^^^','19231114','F','5804 Post Corners Trl^^Centreville^VA^20120^US','test','test','test','1.123407.44444',0,0,null,null);
Insert into NHINCUSER.DOCUMENT (DOCUMENTID,DOCUMENTUNIQUEID,DOCUMENTTITLE,AUTHORPERSON,AUTHORINSTITUTION,AUTHORROLE,AUTHORSPECIALTY,AVAILABILITYSTATUS,CLASSCODE,CLASSCODESCHEME,CLASSCODEDISPLAYNAME,CONFIDENTIALITYCODE,CONFIDENTIALITYCODESCHEME,CONFIDENTIALITYCODEDISPLAYNAME,CREATIONTIME,FORMATCODE,FORMATCODESCHEME,FORMATCODEDISPLAYNAME,PATIENTID,SERVICESTARTTIME,SERVICESTOPTIME,STATUS,COMMENTS,HASH,FACILITYCODE,FACILITYCODESCHEME,FACILITYCODEDISPLAYNAME,INTENDEDRECIPIENTPERSON,INTENDEDRECIPIENTORGANIZATION,LANGUAGECODE,LEGALAUTHENTICATOR,MIMETYPE,PARENTDOCUMENTID,PARENTDOCUMENTRELATIONSHIP,PRACTICESETTING,PRACTICESETTINGSCHEME,PRACTICESETTINGDISPLAYNAME,DOCUMENTSIZE,SOURCEPATIENTID,PID3,PID5,PID7,PID8,PID11,TYPECODE,TYPECODESCHEME,TYPECODEDISPLAYNAME,DOCUMENTURI,PERSISTENT,ONDEMAND,NEWDOCUMENTUNIQUEID,NEWREPOSITORYUNIQUEID) values (31,'1.123407.55555','Jordy CONNECT TESTGATEWAY Document 5','Dr. Marcus Welby','CONNECT TESTGATEWAY','Primary Care Provider','General','Active','34133-9','2.16.840.1.113883.6.1','Summarization of Episode Note','Confidential','Confidential','Confidential',to_date('05-MAY-07','DD-MON-RR'),'CDAR2/IHE 1.0','formatCodeScheme_value','formatCodeDisplayName_value','D123407^^^&1.1&ISO',to_date('15-MAY-03','DD-MON-RR'),to_date('06-JUN-06','DD-MON-RR'),'urn:oasis:names:tc:ebxml-regrep:StatusType:Approved','Document 5 Jordy CONNECT TESTGATEWAY comments','c07c62ca39010fdbcb83f39f2ba84c1de9eb323d','UTF-8','UTF-8','UTF-8','Scott Borst','Agilex Technologies','en-US','legal','text/xml','1.123407.55555','same','test','test','test',30845,'D123407^^^&1.1&ISO','pid1^^^domain','LaForge^Jordy^^^','19231114','F','5804 Post Corners Trl^^Centreville^VA^20120^US','test','test','test','1.123407.55555',0,0,null,null);
Insert into NHINCUSER.DOCUMENT (DOCUMENTID,DOCUMENTUNIQUEID,DOCUMENTTITLE,AUTHORPERSON,AUTHORINSTITUTION,AUTHORROLE,AUTHORSPECIALTY,AVAILABILITYSTATUS,CLASSCODE,CLASSCODESCHEME,CLASSCODEDISPLAYNAME,CONFIDENTIALITYCODE,CONFIDENTIALITYCODESCHEME,CONFIDENTIALITYCODEDISPLAYNAME,CREATIONTIME,FORMATCODE,FORMATCODESCHEME,FORMATCODEDISPLAYNAME,PATIENTID,SERVICESTARTTIME,SERVICESTOPTIME,STATUS,COMMENTS,HASH,FACILITYCODE,FACILITYCODESCHEME,FACILITYCODEDISPLAYNAME,INTENDEDRECIPIENTPERSON,INTENDEDRECIPIENTORGANIZATION,LANGUAGECODE,LEGALAUTHENTICATOR,MIMETYPE,PARENTDOCUMENTID,PARENTDOCUMENTRELATIONSHIP,PRACTICESETTING,PRACTICESETTINGSCHEME,PRACTICESETTINGDISPLAYNAME,DOCUMENTSIZE,SOURCEPATIENTID,PID3,PID5,PID7,PID8,PID11,TYPECODE,TYPECODESCHEME,TYPECODEDISPLAYNAME,DOCUMENTURI,PERSISTENT,ONDEMAND,NEWDOCUMENTUNIQUEID,NEWREPOSITORYUNIQUEID) values (32,'1.123407.66666','Jordy CONNECT TESTGATEWAY Document 6','Dr. Marcus Welby','CONNECT TESTGATEWAY','Primary Care Provider','General','Active','34133-9','2.16.840.1.113883.6.1','Summarization of Episode Note','Confidential','Confidential','Confidential',to_date('04-APR-04','DD-MON-RR'),'CDAR2/IHE 1.0','formatCodeScheme_value','formatCodeDisplayName_value','D123407^^^&1.1&ISO',to_date('15-MAY-03','DD-MON-RR'),to_date('06-JUN-06','DD-MON-RR'),'urn:oasis:names:tc:ebxml-regrep:StatusType:Approved','Document 6 Jordy CONNECT TESTGATEWAY comments','cb0cfc37a921f42c50864ae4e865eafa851260e5','UTF-8','UTF-8','UTF-8','Scott Borst','Agilex Technologies','en-US','legal','text/xml','1.123407.66666','same','test','test','test',30845,'D123407^^^&1.1&ISO','pid1^^^domain','LaForge^Jordy^^^','19231114','F','5804 Post Corners Trl^^Centreville^VA^20120^US','test','test','test','1.123407.66666',0,0,null,null);
Insert into NHINCUSER.DOCUMENT (DOCUMENTID,DOCUMENTUNIQUEID,DOCUMENTTITLE,AUTHORPERSON,AUTHORINSTITUTION,AUTHORROLE,AUTHORSPECIALTY,AVAILABILITYSTATUS,CLASSCODE,CLASSCODESCHEME,CLASSCODEDISPLAYNAME,CONFIDENTIALITYCODE,CONFIDENTIALITYCODESCHEME,CONFIDENTIALITYCODEDISPLAYNAME,CREATIONTIME,FORMATCODE,FORMATCODESCHEME,FORMATCODEDISPLAYNAME,PATIENTID,SERVICESTARTTIME,SERVICESTOPTIME,STATUS,COMMENTS,HASH,FACILITYCODE,FACILITYCODESCHEME,FACILITYCODEDISPLAYNAME,INTENDEDRECIPIENTPERSON,INTENDEDRECIPIENTORGANIZATION,LANGUAGECODE,LEGALAUTHENTICATOR,MIMETYPE,PARENTDOCUMENTID,PARENTDOCUMENTRELATIONSHIP,PRACTICESETTING,PRACTICESETTINGSCHEME,PRACTICESETTINGDISPLAYNAME,DOCUMENTSIZE,SOURCEPATIENTID,PID3,PID5,PID7,PID8,PID11,TYPECODE,TYPECODESCHEME,TYPECODEDISPLAYNAME,DOCUMENTURI,PERSISTENT,ONDEMAND,NEWDOCUMENTUNIQUEID,NEWREPOSITORYUNIQUEID) values (33,'1.123407.77777','Jordy CONNECT TESTGATEWAY Document 7','Dr. Marcus Welby','CONNECT TESTGATEWAY','Primary Care Provider','General','Active','34133-9','2.16.840.1.113883.6.1','Summarization of Episode Note','Confidential','Confidential','Confidential',to_date('03-MAR-03','DD-MON-RR'),'CDAR2/IHE 1.0','formatCodeScheme_value','formatCodeDisplayName_value','D123407^^^&1.1&ISO',to_date('15-MAY-02','DD-MON-RR'),to_date('04-APR-04','DD-MON-RR'),'urn:oasis:names:tc:ebxml-regrep:StatusType:Approved','Document 7 Jordy CONNECT TESTGATEWAY comments','851510d02f67f731d208421d4b637d1283b20219','UTF-8','UTF-8','UTF-8','Scott Borst','Agilex Technologies','en-US','legal','text/xml','1.123407.77777','same','test','test','test',30845,'D123407^^^&1.1&ISO','pid1^^^domain','LaForge^Jordy^^^','19231114','F','5804 Post Corners Trl^^Centreville^VA^20120^US','test','test','test','1.123407.77777',0,0,null,null);
Insert into NHINCUSER.DOCUMENT (DOCUMENTID,DOCUMENTUNIQUEID,DOCUMENTTITLE,AUTHORPERSON,AUTHORINSTITUTION,AUTHORROLE,AUTHORSPECIALTY,AVAILABILITYSTATUS,CLASSCODE,CLASSCODESCHEME,CLASSCODEDISPLAYNAME,CONFIDENTIALITYCODE,CONFIDENTIALITYCODESCHEME,CONFIDENTIALITYCODEDISPLAYNAME,CREATIONTIME,FORMATCODE,FORMATCODESCHEME,FORMATCODEDISPLAYNAME,PATIENTID,SERVICESTARTTIME,SERVICESTOPTIME,STATUS,COMMENTS,HASH,FACILITYCODE,FACILITYCODESCHEME,FACILITYCODEDISPLAYNAME,INTENDEDRECIPIENTPERSON,INTENDEDRECIPIENTORGANIZATION,LANGUAGECODE,LEGALAUTHENTICATOR,MIMETYPE,PARENTDOCUMENTID,PARENTDOCUMENTRELATIONSHIP,PRACTICESETTING,PRACTICESETTINGSCHEME,PRACTICESETTINGDISPLAYNAME,DOCUMENTSIZE,SOURCEPATIENTID,PID3,PID5,PID7,PID8,PID11,TYPECODE,TYPECODESCHEME,TYPECODEDISPLAYNAME,DOCUMENTURI,PERSISTENT,ONDEMAND,NEWDOCUMENTUNIQUEID,NEWREPOSITORYUNIQUEID) values (34,'1.123407.88888','Jordy CONNECT TESTGATEWAY Document 8','Dr. Marcus Welby','CONNECT TESTGATEWAY','Primary Care Provider','General','Active','34133-9','2.16.840.1.113883.6.1','Summarization of Episode Note','Confidential','Confidential','Confidential',to_date('03-MAR-03','DD-MON-RR'),'CDAR2/IHE 1.0','formatCodeScheme_value','formatCodeDisplayName_value','D123407^^^&1.1&ISO',to_date('15-MAY-02','DD-MON-RR'),to_date('04-APR-04','DD-MON-RR'),'urn:oasis:names:tc:ebxml-regrep:StatusType:Approved','Document 8 Jordy CONNECT TESTGATEWAY comments','6a00c666730bfcff1e466d001c21eb095d15d2a0','UTF-8','UTF-8','UTF-8','Scott Borst','Agilex Technologies','en-US','legal','text/xml','1.123407.88888','same','test','test','test',30845,'D123407^^^&1.1&ISO','pid1^^^domain','LaForge^Jordy^^^','19231114','F','5804 Post Corners Trl^^Centreville^VA^20120^US','test','test','test','1.123407.88888',0,0,null,null);
Insert into NHINCUSER.DOCUMENT (DOCUMENTID,DOCUMENTUNIQUEID,DOCUMENTTITLE,AUTHORPERSON,AUTHORINSTITUTION,AUTHORROLE,AUTHORSPECIALTY,AVAILABILITYSTATUS,CLASSCODE,CLASSCODESCHEME,CLASSCODEDISPLAYNAME,CONFIDENTIALITYCODE,CONFIDENTIALITYCODESCHEME,CONFIDENTIALITYCODEDISPLAYNAME,CREATIONTIME,FORMATCODE,FORMATCODESCHEME,FORMATCODEDISPLAYNAME,PATIENTID,SERVICESTARTTIME,SERVICESTOPTIME,STATUS,COMMENTS,HASH,FACILITYCODE,FACILITYCODESCHEME,FACILITYCODEDISPLAYNAME,INTENDEDRECIPIENTPERSON,INTENDEDRECIPIENTORGANIZATION,LANGUAGECODE,LEGALAUTHENTICATOR,MIMETYPE,PARENTDOCUMENTID,PARENTDOCUMENTRELATIONSHIP,PRACTICESETTING,PRACTICESETTINGSCHEME,PRACTICESETTINGDISPLAYNAME,DOCUMENTSIZE,SOURCEPATIENTID,PID3,PID5,PID7,PID8,PID11,TYPECODE,TYPECODESCHEME,TYPECODEDISPLAYNAME,DOCUMENTURI,PERSISTENT,ONDEMAND,NEWDOCUMENTUNIQUEID,NEWREPOSITORYUNIQUEID) values (35,'1.123407.99999','Jordy CONNECT TESTGATEWAY Document 9','Dr. Marcus Welby','CONNECT TESTGATEWAY','Primary Care Provider','General','Active','34133-9','2.16.840.1.113883.6.1','Summarization of Episode Note','Confidential','Confidential','Confidential',to_date('03-MAR-03','DD-MON-RR'),'CDAR2/IHE 1.0','formatCodeScheme_value','formatCodeDisplayName_value','D123407^^^&1.1&ISO',to_date('15-MAY-02','DD-MON-RR'),to_date('04-APR-04','DD-MON-RR'),'urn:oasis:names:tc:ebxml-regrep:StatusType:Approved','Document 9 Jordy CONNECT TESTGATEWAY comments','87708923ef188b13a54677d2c9ad2583ab8af08e','UTF-8','UTF-8','UTF-8','Scott Borst','Agilex Technologies','en-US','legal','text/xml','1.123407.99999','same','test','test','test',30845,'D123407^^^&1.1&ISO','pid1^^^domain','LaForge^Jordy^^^','19231114','F','5804 Post Corners Trl^^Centreville^VA^20120^US','test','test','test','1.123407.99999',0,0,null,null);
Insert into NHINCUSER.DOCUMENT (DOCUMENTID,DOCUMENTUNIQUEID,DOCUMENTTITLE,AUTHORPERSON,AUTHORINSTITUTION,AUTHORROLE,AUTHORSPECIALTY,AVAILABILITYSTATUS,CLASSCODE,CLASSCODESCHEME,CLASSCODEDISPLAYNAME,CONFIDENTIALITYCODE,CONFIDENTIALITYCODESCHEME,CONFIDENTIALITYCODEDISPLAYNAME,CREATIONTIME,FORMATCODE,FORMATCODESCHEME,FORMATCODEDISPLAYNAME,PATIENTID,SERVICESTARTTIME,SERVICESTOPTIME,STATUS,COMMENTS,HASH,FACILITYCODE,FACILITYCODESCHEME,FACILITYCODEDISPLAYNAME,INTENDEDRECIPIENTPERSON,INTENDEDRECIPIENTORGANIZATION,LANGUAGECODE,LEGALAUTHENTICATOR,MIMETYPE,PARENTDOCUMENTID,PARENTDOCUMENTRELATIONSHIP,PRACTICESETTING,PRACTICESETTINGSCHEME,PRACTICESETTINGDISPLAYNAME,DOCUMENTSIZE,SOURCEPATIENTID,PID3,PID5,PID7,PID8,PID11,TYPECODE,TYPECODESCHEME,TYPECODEDISPLAYNAME,DOCUMENTURI,PERSISTENT,ONDEMAND,NEWDOCUMENTUNIQUEID,NEWREPOSITORYUNIQUEID) values (36,'1.123401.11111','Younger CONNECT TESTGATEWAY Document 1','Dr. Joseph Hoodwink','Main Children''s Hospital','Primary Care Provider','Pediatrician','Active','34133-9','2.16.840.1.113883.6.1','Summarization of Episode Note','Confidential','Confidential','Confidential',to_date('17-JUN-08','DD-MON-RR'),'CDAR2/IHE 1.0','formatCodeScheme_value','formatCodeDisplayName_value','D123401^^^&1.1&ISO',to_date('20-MAR-99','DD-MON-RR'),to_date('01-JAN-08','DD-MON-RR'),'urn:oasis:names:tc:ebxml-regrep:StatusType:Approved','Document 1 Younder CONNECT TESTGATEWAY comments','be56ce49a2a021c5c88bd4a3eef617ce5b94e002','UTF-8','UTF-8','UTF-8','Scott Borst','Agilex Technologies','en-US','legal','text/xml','1.123401.11111','same','test','test','test',30845,'D123401^^^&1.1&ISO','pid1^^^domain','Younger^Gallow^^^','19990627','M','1111 Main Street^^Kingsport^TN^37662^US','test','test','test','1.123401.11111',0,0,null,null);
Insert into NHINCUSER.DOCUMENT (DOCUMENTID,DOCUMENTUNIQUEID,DOCUMENTTITLE,AUTHORPERSON,AUTHORINSTITUTION,AUTHORROLE,AUTHORSPECIALTY,AVAILABILITYSTATUS,CLASSCODE,CLASSCODESCHEME,CLASSCODEDISPLAYNAME,CONFIDENTIALITYCODE,CONFIDENTIALITYCODESCHEME,CONFIDENTIALITYCODEDISPLAYNAME,CREATIONTIME,FORMATCODE,FORMATCODESCHEME,FORMATCODEDISPLAYNAME,PATIENTID,SERVICESTARTTIME,SERVICESTOPTIME,STATUS,COMMENTS,HASH,FACILITYCODE,FACILITYCODESCHEME,FACILITYCODEDISPLAYNAME,INTENDEDRECIPIENTPERSON,INTENDEDRECIPIENTORGANIZATION,LANGUAGECODE,LEGALAUTHENTICATOR,MIMETYPE,PARENTDOCUMENTID,PARENTDOCUMENTRELATIONSHIP,PRACTICESETTING,PRACTICESETTINGSCHEME,PRACTICESETTINGDISPLAYNAME,DOCUMENTSIZE,SOURCEPATIENTID,PID3,PID5,PID7,PID8,PID11,TYPECODE,TYPECODESCHEME,TYPECODEDISPLAYNAME,DOCUMENTURI,PERSISTENT,ONDEMAND,NEWDOCUMENTUNIQUEID,NEWREPOSITORYUNIQUEID) values (37,'1.123401.22222','Younger CONNECT TESTGATEWAY Document 2','Dr. Joseph Hoodwink','Main Children''s Hospital','Primary Care Provider','Pediatrician','Active','34133-9','2.16.840.1.113883.6.1','Summarization of Episode Note','Confidential','Confidential','Confidential',to_date('17-MAY-07','DD-MON-RR'),'CDAR2/IHE 1.0','formatCodeScheme_value','formatCodeDisplayName_value','D123401^^^&1.1&ISO',to_date('20-MAR-04','DD-MON-RR'),to_date('01-JAN-05','DD-MON-RR'),'urn:oasis:names:tc:ebxml-regrep:StatusType:Approved','Document 2 Younder CONNECT TESTGATEWAY comments','e2cad0cdfdf929725a883067637d8268f6d9c578','UTF-8','UTF-8','UTF-8','Scott Borst','Agilex Technologies','en-US','legal','text/xml','1.123401.22222','same','test','test','test',31486,'D123401^^^&1.1&ISO','pid1^^^domain','Younger^Gallow^^^','19990627','M','1111 Main Street^^Kingsport^TN^37662^US','test','test','test','1.123401.22222',0,0,null,null);
Insert into NHINCUSER.DOCUMENT (DOCUMENTID,DOCUMENTUNIQUEID,DOCUMENTTITLE,AUTHORPERSON,AUTHORINSTITUTION,AUTHORROLE,AUTHORSPECIALTY,AVAILABILITYSTATUS,CLASSCODE,CLASSCODESCHEME,CLASSCODEDISPLAYNAME,CONFIDENTIALITYCODE,CONFIDENTIALITYCODESCHEME,CONFIDENTIALITYCODEDISPLAYNAME,CREATIONTIME,FORMATCODE,FORMATCODESCHEME,FORMATCODEDISPLAYNAME,PATIENTID,SERVICESTARTTIME,SERVICESTOPTIME,STATUS,COMMENTS,HASH,FACILITYCODE,FACILITYCODESCHEME,FACILITYCODEDISPLAYNAME,INTENDEDRECIPIENTPERSON,INTENDEDRECIPIENTORGANIZATION,LANGUAGECODE,LEGALAUTHENTICATOR,MIMETYPE,PARENTDOCUMENTID,PARENTDOCUMENTRELATIONSHIP,PRACTICESETTING,PRACTICESETTINGSCHEME,PRACTICESETTINGDISPLAYNAME,DOCUMENTSIZE,SOURCEPATIENTID,PID3,PID5,PID7,PID8,PID11,TYPECODE,TYPECODESCHEME,TYPECODEDISPLAYNAME,DOCUMENTURI,PERSISTENT,ONDEMAND,NEWDOCUMENTUNIQUEID,NEWREPOSITORYUNIQUEID) values (38,'1.123401.33333','Younger CONNECT TESTGATEWAY Document 3','Dr. Joseph Hoodwink','Main Children''s Hospital','Primary Care Provider','Pediatrician','Active','34133-9','2.16.840.1.113883.6.1','Summarization of Episode Note','Confidential','Confidential','Confidential',to_date('17-APR-08','DD-MON-RR'),'CDAR2/IHE 1.0','formatCodeScheme_value','formatCodeDisplayName_value','D123401^^^&1.1&ISO',to_date('10-MAY-06','DD-MON-RR'),to_date('01-AUG-08','DD-MON-RR'),'urn:oasis:names:tc:ebxml-regrep:StatusType:Approved','Document 3 Younder CONNECT TESTGATEWAY comments','a5c654f3db2f22284eb212fb941b4dba5c73f7d2','UTF-8','UTF-8','UTF-8','Scott Borst','Agilex Technologies','en-US','legal','text/xml','1.123401.33333','same','test','test','test',30666,'D123401^^^&1.1&ISO','pid1^^^domain','Younger^Gallow^^^','19990627','M','1111 Main Street^^Kingsport^TN^37662^US','test','test','test','1.123401.33333',0,0,null,null);
Insert into NHINCUSER.DOCUMENT (DOCUMENTID,DOCUMENTUNIQUEID,DOCUMENTTITLE,AUTHORPERSON,AUTHORINSTITUTION,AUTHORROLE,AUTHORSPECIALTY,AVAILABILITYSTATUS,CLASSCODE,CLASSCODESCHEME,CLASSCODEDISPLAYNAME,CONFIDENTIALITYCODE,CONFIDENTIALITYCODESCHEME,CONFIDENTIALITYCODEDISPLAYNAME,CREATIONTIME,FORMATCODE,FORMATCODESCHEME,FORMATCODEDISPLAYNAME,PATIENTID,SERVICESTARTTIME,SERVICESTOPTIME,STATUS,COMMENTS,HASH,FACILITYCODE,FACILITYCODESCHEME,FACILITYCODEDISPLAYNAME,INTENDEDRECIPIENTPERSON,INTENDEDRECIPIENTORGANIZATION,LANGUAGECODE,LEGALAUTHENTICATOR,MIMETYPE,PARENTDOCUMENTID,PARENTDOCUMENTRELATIONSHIP,PRACTICESETTING,PRACTICESETTINGSCHEME,PRACTICESETTINGDISPLAYNAME,DOCUMENTSIZE,SOURCEPATIENTID,PID3,PID5,PID7,PID8,PID11,TYPECODE,TYPECODESCHEME,TYPECODEDISPLAYNAME,DOCUMENTURI,PERSISTENT,ONDEMAND,NEWDOCUMENTUNIQUEID,NEWREPOSITORYUNIQUEID) values (39,'1.123401.44444','Younger CONNECT TESTGATEWAY Document 1','Dr. Joseph Hoodwink','Main Children''s Hospital','Primary Care Provider','Pediatrician','Active','34133-9','2.16.840.1.113883.6.1','Summarization of Episode Note','Confidential','Confidential','Confidential',to_date('17-JUN-08','DD-MON-RR'),'CDAR2/IHE 1.0','formatCodeScheme_value','formatCodeDisplayName_value','D123401^^^&2.2&ISO',to_date('20-MAR-99','DD-MON-RR'),to_date('01-JAN-08','DD-MON-RR'),'urn:oasis:names:tc:ebxml-regrep:StatusType:Approved','Document 1 Younder CONNECT TESTGATEWAY comments','be56ce49a2a021c5c88bd4a3eef617ce5b94e002','UTF-8','UTF-8','UTF-8','Scott Borst','Agilex Technologies','en-US','legal','text/xml','1.123401.11111','same','test','test','test',30845,'D123401^^^&2.2&ISO','pid1^^^domain','Younger^Gallow^^^','19990627','M','1111 Main Street^^Kingsport^TN^37662^US','test','test','test','1.123401.11111',0,1,'1234567','7654321');
Insert into NHINCUSER.DOCUMENT (DOCUMENTID,DOCUMENTUNIQUEID,DOCUMENTTITLE,AUTHORPERSON,AUTHORINSTITUTION,AUTHORROLE,AUTHORSPECIALTY,AVAILABILITYSTATUS,CLASSCODE,CLASSCODESCHEME,CLASSCODEDISPLAYNAME,CONFIDENTIALITYCODE,CONFIDENTIALITYCODESCHEME,CONFIDENTIALITYCODEDISPLAYNAME,CREATIONTIME,FORMATCODE,FORMATCODESCHEME,FORMATCODEDISPLAYNAME,PATIENTID,SERVICESTARTTIME,SERVICESTOPTIME,STATUS,COMMENTS,HASH,FACILITYCODE,FACILITYCODESCHEME,FACILITYCODEDISPLAYNAME,INTENDEDRECIPIENTPERSON,INTENDEDRECIPIENTORGANIZATION,LANGUAGECODE,LEGALAUTHENTICATOR,MIMETYPE,PARENTDOCUMENTID,PARENTDOCUMENTRELATIONSHIP,PRACTICESETTING,PRACTICESETTINGSCHEME,PRACTICESETTINGDISPLAYNAME,DOCUMENTSIZE,SOURCEPATIENTID,PID3,PID5,PID7,PID8,PID11,TYPECODE,TYPECODESCHEME,TYPECODEDISPLAYNAME,DOCUMENTURI,PERSISTENT,ONDEMAND,NEWDOCUMENTUNIQUEID,NEWREPOSITORYUNIQUEID) values (40,'1.123401.55555','Schnur CONNECT TESTGATEWAY Document 1','Axolotl Elysium','Test Two Workgroup','Primary Care Provider','General','Active','34133-9','2.16.840.1.113883.6.1','Summarization of Episode Note','Confidential','Confidential','Confidential',to_date('27-JUN-08','DD-MON-RR'),'CDAR2/IHE 1.0','formatCodeScheme_value','formatCodeDisplayName_value','D123401^^^&2.2&ISO',to_date('11-SEP-07','DD-MON-RR'),to_date('27-JUN-08','DD-MON-RR'),'urn:oasis:names:tc:ebxml-regrep:StatusType:Approved','Document 1 Schnur CONNECT TESTGATEWAY comments','ac0eec55d17eaa9c24054f8a7ecc5d3caa45d9f0','UTF-8','UTF-8','UTF-8','Scott Borst','Agilex Technologies','en-US','legal','text/xml','1.123402.11111','same','test','test','test',26934,'D123402^^^&1.1&ISO','pid1^^^domain','Schnur^Anna^^^','19560813','F','312 HILL ROAD^^HILLSBORO^MO^37660^US','test','test','test','1.123402.11111',0,0,null,null);
Insert into NHINCUSER.DOCUMENT (DOCUMENTID,DOCUMENTUNIQUEID,DOCUMENTTITLE,AUTHORPERSON,AUTHORINSTITUTION,AUTHORROLE,AUTHORSPECIALTY,AVAILABILITYSTATUS,CLASSCODE,CLASSCODESCHEME,CLASSCODEDISPLAYNAME,CONFIDENTIALITYCODE,CONFIDENTIALITYCODESCHEME,CONFIDENTIALITYCODEDISPLAYNAME,CREATIONTIME,FORMATCODE,FORMATCODESCHEME,FORMATCODEDISPLAYNAME,PATIENTID,SERVICESTARTTIME,SERVICESTOPTIME,STATUS,COMMENTS,HASH,FACILITYCODE,FACILITYCODESCHEME,FACILITYCODEDISPLAYNAME,INTENDEDRECIPIENTPERSON,INTENDEDRECIPIENTORGANIZATION,LANGUAGECODE,LEGALAUTHENTICATOR,MIMETYPE,PARENTDOCUMENTID,PARENTDOCUMENTRELATIONSHIP,PRACTICESETTING,PRACTICESETTINGSCHEME,PRACTICESETTINGDISPLAYNAME,DOCUMENTSIZE,SOURCEPATIENTID,PID3,PID5,PID7,PID8,PID11,TYPECODE,TYPECODESCHEME,TYPECODEDISPLAYNAME,DOCUMENTURI,PERSISTENT,ONDEMAND,NEWDOCUMENTUNIQUEID,NEWREPOSITORYUNIQUEID) values (41,'1.123401.66666','Schnur CONNECT TESTGATEWAY Document 1','Axolotl Elysium','Test Two Workgroup','Primary Care Provider','General','Active','34133-9','2.16.840.1.113883.6.1','Summarization of Episode Note','Confidential','Confidential','Confidential',to_date('27-JUN-08','DD-MON-RR'),'CDAR2/IHE 1.0','formatCodeScheme_value','formatCodeDisplayName_value','D123401^^^&2.2&ISO',to_date('11-SEP-07','DD-MON-RR'),to_date('27-JUN-08','DD-MON-RR'),'urn:oasis:names:tc:ebxml-regrep:StatusType:Approved','Document 1 Schnur CONNECT TESTGATEWAY comments','ac0eec55d17eaa9c24054f8a7ecc5d3caa45d9f0','UTF-8','UTF-8','UTF-8','Scott Borst','Agilex Technologies','en-US','legal','text/xml','1.123402.11111','same','test','test','test',26934,'D123402^^^&1.1&ISO','pid1^^^domain','Schnur^Anna^^^','19560813','F','312 HILL ROAD^^HILLSBORO^MO^37660^US','test','test','test','1.123402.11111',0,0,null,null);
Insert into NHINCUSER.DOCUMENT (DOCUMENTID,DOCUMENTUNIQUEID,DOCUMENTTITLE,AUTHORPERSON,AUTHORINSTITUTION,AUTHORROLE,AUTHORSPECIALTY,AVAILABILITYSTATUS,CLASSCODE,CLASSCODESCHEME,CLASSCODEDISPLAYNAME,CONFIDENTIALITYCODE,CONFIDENTIALITYCODESCHEME,CONFIDENTIALITYCODEDISPLAYNAME,CREATIONTIME,FORMATCODE,FORMATCODESCHEME,FORMATCODEDISPLAYNAME,PATIENTID,SERVICESTARTTIME,SERVICESTOPTIME,STATUS,COMMENTS,HASH,FACILITYCODE,FACILITYCODESCHEME,FACILITYCODEDISPLAYNAME,INTENDEDRECIPIENTPERSON,INTENDEDRECIPIENTORGANIZATION,LANGUAGECODE,LEGALAUTHENTICATOR,MIMETYPE,PARENTDOCUMENTID,PARENTDOCUMENTRELATIONSHIP,PRACTICESETTING,PRACTICESETTINGSCHEME,PRACTICESETTINGDISPLAYNAME,DOCUMENTSIZE,SOURCEPATIENTID,PID3,PID5,PID7,PID8,PID11,TYPECODE,TYPECODESCHEME,TYPECODEDISPLAYNAME,DOCUMENTURI,PERSISTENT,ONDEMAND,NEWDOCUMENTUNIQUEID,NEWREPOSITORYUNIQUEID) values (42,'1.123402.22222','Schnur CONNECT TESTGATEWAY Document 1','Axolotl Elysium','Test Two Workgroup','Primary Care Provider','General','Active','34133-9','2.16.840.1.113883.6.1','Summarization of Episode Note','Confidential','Confidential','Confidential',to_date('27-JUN-08','DD-MON-RR'),'CDAR2/IHE 1.0','formatCodeScheme_value','formatCodeDisplayName_value','D123402^^^&3.3&ISO',to_date('11-SEP-07','DD-MON-RR'),to_date('27-JUN-08','DD-MON-RR'),'urn:oasis:names:tc:ebxml-regrep:StatusType:Approved','Document 1 Schnur CONNECT TESTGATEWAY comments','ac0eec55d17eaa9c24054f8a7ecc5d3caa45d9f0','UTF-8','UTF-8','UTF-8','Scott Borst','Agilex Technologies','en-US','legal','text/xml','1.123402.11111','same','test','test','test',26934,'D123402^^^&1.1&ISO','pid1^^^domain','Schnur^Anna^^^','19560813','F','312 HILL ROAD^^HILLSBORO^MO^37660^US','test','test','test','1.123402.11111',0,0,null,null);
REM INSERTING into NHINCUSER.IDENTIFIER
SET DEFINE OFF;
Insert into NHINCUSER.IDENTIFIER (IDENTIFIERID,PATIENTID,ID,ORGANIZATIONID) values (1,1,'D123401','1.1');
Insert into NHINCUSER.IDENTIFIER (IDENTIFIERID,PATIENTID,ID,ORGANIZATIONID) values (2,1,'500000000','2.2');
Insert into NHINCUSER.IDENTIFIER (IDENTIFIERID,PATIENTID,ID,ORGANIZATIONID) values (3,2,'1234','1.1.2.16.840.1.113883.3.198');
Insert into NHINCUSER.IDENTIFIER (IDENTIFIERID,PATIENTID,ID,ORGANIZATIONID) values (4,3,'2345','1.1.1');
Insert into NHINCUSER.IDENTIFIER (IDENTIFIERID,PATIENTID,ID,ORGANIZATIONID) values (5,4,'3456.1','1.1.1');
Insert into NHINCUSER.IDENTIFIER (IDENTIFIERID,PATIENTID,ID,ORGANIZATIONID) values (6,4,'3456.2','1.1.2');
Insert into NHINCUSER.IDENTIFIER (IDENTIFIERID,PATIENTID,ID,ORGANIZATIONID) values (7,5,'4567.1','1.1.1');
Insert into NHINCUSER.IDENTIFIER (IDENTIFIERID,PATIENTID,ID,ORGANIZATIONID) values (8,5,'4567.2','1.1.2');
REM INSERTING into NHINCUSER.PATIENT
SET DEFINE OFF;
Insert into NHINCUSER.PATIENT (PATIENTID,DATEOFBIRTH,GENDER,SSN) values (1,to_date('08-APR-63','DD-MON-RR'),'M ','999123401');
Insert into NHINCUSER.PATIENT (PATIENTID,DATEOFBIRTH,GENDER,SSN) values (2,to_date('03-JAN-56','DD-MON-RR'),'M ','999123402');
Insert into NHINCUSER.PATIENT (PATIENTID,DATEOFBIRTH,GENDER,SSN) values (3,to_date('01-MAY-59','DD-MON-RR'),'M ','999123403');
Insert into NHINCUSER.PATIENT (PATIENTID,DATEOFBIRTH,GENDER,SSN) values (4,to_date('15-MAR-04','DD-MON-RR'),'M ','999123404');
Insert into NHINCUSER.PATIENT (PATIENTID,DATEOFBIRTH,GENDER,SSN) values (5,to_date('25-MAY-50','DD-MON-RR'),'F ','999123405');
REM INSERTING into NHINCUSER.PERSONNAME
SET DEFINE OFF;
Insert into NHINCUSER.PERSONNAME (PERSONNAMEID,PATIENTID,PREFIX,FIRSTNAME,MIDDLENAME,LASTNAME,SUFFIX) values (1,1,null,'Gallow',null,'Younger',null);
Insert into NHINCUSER.PERSONNAME (PERSONNAMEID,PATIENTID,PREFIX,FIRSTNAME,MIDDLENAME,LASTNAME,SUFFIX) values (2,2,null,'Joe',null,'Smith',null);
Insert into NHINCUSER.PERSONNAME (PERSONNAMEID,PATIENTID,PREFIX,FIRSTNAME,MIDDLENAME,LASTNAME,SUFFIX) values (3,3,null,'Charles',null,'Brown',null);
Insert into NHINCUSER.PERSONNAME (PERSONNAMEID,PATIENTID,PREFIX,FIRSTNAME,MIDDLENAME,LASTNAME,SUFFIX) values (4,4,null,'Daniel','Peter','Evans',null);
Insert into NHINCUSER.PERSONNAME (PERSONNAMEID,PATIENTID,PREFIX,FIRSTNAME,MIDDLENAME,LASTNAME,SUFFIX) values (5,5,'Mrs','Heather','L','Williams',null);
REM INSERTING into NHINCUSER.PHONENUMBER
SET DEFINE OFF;
Insert into NHINCUSER.PHONENUMBER (PHONENUMBERID,PATIENTID,VALUE) values (1,1,'tel:+1-888-555-1234');
Insert into NHINCUSER.PHONENUMBER (PHONENUMBERID,PATIENTID,VALUE) values (2,2,'tel:+1-888-555-2345');
Insert into NHINCUSER.PHONENUMBER (PHONENUMBERID,PATIENTID,VALUE) values (3,3,'tel:+1-501-300-2343');
Insert into NHINCUSER.PHONENUMBER (PHONENUMBERID,PATIENTID,VALUE) values (4,4,'tel:+1-987-555-9876');
Insert into NHINCUSER.PHONENUMBER (PHONENUMBERID,PATIENTID,VALUE) values (5,5,'tel:+1-904-900-3444');

REM INSERTING into CONFIGUSER.DOMAIN
SET DEFINE OFF;
INSERT INTO CONFIGUSER.DOMAIN (ID, DOMAINNAME, POSTMASTERADDRESSID, STATUS, CREATETIME, UPDATETIME) VALUES (1, 'direct.connectopensource.org',null, 1, sysdate, sysdate);


REM INSERTING into CONFIGUSER.ADDRESS
SET DEFINE OFF;
INSERT INTO CONFIGUSER.ADDRESS (ID, DISPLAYNAME, EMAILADDRESS, ENDPOINT, STATUS, TYPE, CREATETIME, UPDATETIME, DOMAINID) VALUES (1, 'direct.connectopensource.org', 'postmaster@direct.connectopensource.org', NULL, 1,NULL, sysdate, sysdate, 1);

REM UPDATE NHINCUSER.DOMAIN and CONFIGUSER.ADDRESS records
SET DEFINE OFF;

UPDATE CONFIGUSER.ADDRESS SET id=2 WHERE id=1;

UPDATE CONFIGUSER.DOMAIN SET postmasterAddressId=2 WHERE id=1;


COMMIT;

--------------------------------------------------------
--  DDL for Procedure UPDATE_BLOB_DATA
--  PL/SQL has a string literal limitation of 32767 bytes
--  if the document content is more than 32767, the data should
--  be passed in two parameters p_content1 & p_content2
--------------------------------------------------------
set define off;

create or replace PROCEDURE   "NHINCUSER"."UPDATE_BLOB_DATA"
(
  p_documentid IN NUMBER
, p_content1 IN CLOB,
  p_content2 IN CLOB
) AUTHID CURRENT_USER
  AS
  l_blob          blob;
  l_dest_offset   integer := 1;
  l_source_offset integer := 1;
  l_lang_context  integer := DBMS_LOB.DEFAULT_LANG_CTX;
  l_warning       integer := DBMS_LOB.WARN_INCONVERTIBLE_CHAR;
  v_Content CLOB;
BEGIN
   dbms_lob.createtemporary(v_Content, true);
   dbms_lob.append(v_Content, p_content1);
   dbms_lob.append(v_Content, p_content2);
   
   DBMS_LOB.CREATETEMPORARY(l_blob, TRUE);
   DBMS_LOB.CONVERTTOBLOB( dest_lob    =>l_blob,   src_clob    => v_Content,   amount      =>DBMS_LOB.LOBMAXSIZE,   dest_offset =>l_dest_offset,
                        src_offset  =>l_source_offset,   blob_csid   =>DBMS_LOB.DEFAULT_CSID,   lang_context=>l_lang_context,   warning     =>l_warning);

   update nhincuser.document set rawdata=l_blob where documentid = p_documentid;
   COMMIT;
END UPDATE_BLOB_DATA;
/